bus_reg,depot
DL1PC7002,and
DL1PC7003,and
DL1PC7004,and
DL1PC7008,and
DL1PC7010,and
DL1PC7011,and
DL1PC7012,and
DL1PC7013,and
DL1PC7014,and
DL1PC7018,and
DL1PC7020,and
DL1PC7021,and
DL1PC7022,and
DL1PC7023,and
DL1PC7024,and
DL1PC7025,and
DL1PC7026,and
DL1PC7027,and
DL1PC7028,and
DL1PC7029,and
DL1PC7030,and
DL1PC7031,and
DL1PC7032,and
DL1PC7033,and
DL1PC7034,and
DL1PC7035,and
DL1PC7036,and
DL1PC7037,and
DL1PC7038,and
DL1PC7039,and
DL1PC7040,and
DL1PC7041,and
DL1PC7042,and
DL1PC7043,and
DL1PC7044,and
DL1PC7045,and
DL1PC7046,and
DL1PC7047,and
DL1PC7048,and
DL1PC7049,and
DL1PC7050,and
DL1PC7051,and
DL1PC7052,and
DL1PC7053,and
DL1PC7054,and
DL1PC7055,and
DL1PC7056,and
DL1PC7057,and
DL1PC7058,and
DL1PC7059,and
DL1PC7060,and
DL1PC7061,and
DL1PC7062,and
DL1PC7063,and
DL1PC7064,and
DL1PC7065,and
DL1PC7066,and
DL1PC7067,and
DL1PC7069,and
DL1PC7071,and
DL1PC7072,and
DL1PC7073,and
DL1PC7074,and
DL1PC7075,and
DL1PC7076,and
DL1PC7078,and
DL1PC7079,and
DL1PC7080,and
DL1PC7081,and
DL1PC7082,and
DL1PC7083,and
DL1PC7084,and
DL1PC7085,and
DL1PC7086,and
DL1PC7087,and
DL1PC7092,and
DL1PC7094,and
DL1PC7135,and
DL1PC7136,and
DL1PC7137,and
DL1PC7139,and
DL1PC7142,and
DL1PC7147,and
DL1PC7150,and
DL1PC7153,and
DL1PC7218,and
DL1PC7301,and
DL1PC7305,and
DL1PC7309,and
DL1PC7310,and
DL1PC7311,and
DL1PC7385,and
DL1PC7386,and
DL1PC7391,and
DL1PC7393,and
DL1PC7394,and
DL1PC7563,and
DL1PC7573,and
DL1PC9074,and
DL1PC9075,and
DL1PC7089,bbm
DL1PC7090,bbm
DL1PC7096,bbm
DL1PC7097,bbm
DL1PC7098,bbm
DL1PC7100,bbm
DL1PC7113,bbm
DL1PC7115,bbm
DL1PC7116,bbm
DL1PC7117,bbm
DL1PC7448,bbm
DL1PC8231,bbm
DL1PC8232,bbm
DL1PC8877,bbm
DL1PC8878,bbm
DL1PC9078,bbm
DL1PC9079,bbm
DL1PC9080,bbm
DL1PC9081,bbm
DL1PC9082,bbm
DL1PC9083,bbm
DL1PC9084,bbm
DL1PC9085,bbm
DL1PC9086,bbm
DL1PC9087,bbm
DL1PC9088,bbm
DL1PC9089,bbm
DL1PC9091,bbm
DL1PC9092,bbm
DL1PC9093,bbm
DL1PC9094,bbm
DL1PC9095,bbm
DL1PC9096,bbm
DL1PC9097,bbm
DL1PC9098,bbm
DL1PC9101,bbm
DL1PC9102,bbm
DL1PC9103,bbm
DL1PC9129,bbm
DL1PC9181,bbm
DL1PC9516,bbm
DL1PC9517,bbm
DL1PC9518,bbm
DL1PC9519,bbm
DL1PC9520,bbm
DL1PC9521,bbm
DL1PC9565,bbm
DL1PC9566,bbm
DL1PC9571,bbm
DL1PC9574,bbm
DL1PC9791,bbm
DL1PC9792,bbm
DL1PC9793,bbm
DL1PC9794,bbm
DL1PC9795,bbm
DL1PC9796,bbm
DL1PC9799,bbm
DL1PC9800,bbm
DL1PC9801,bbm
DL1PC9847,bbm
DL1PC9848,bbm
DL1PC9849,bbm
DL1PC9850,bbm
DL1PC9852,bbm
DL1PC9853,bbm
DL1PC9855,bbm
DL1PC9856,bbm
DL1PC9878,bbm
DL1PC9892,bbm
DL1PC9940,bbm
DL1PB9841,dkd
DL1PB9879,dkd
DL1PB9913,dkd
DL1PB9937,dkd
DL1PB9941,dkd
DL1PB9973,dkd
DL1PB9974,dkd
DL1PB9976,dkd
DL1PB9993,dkd
DL1PC0041,dkd
DL1PC0087,dkd
DL1PC0093,dkd
DL1PC0108,dkd
DL1PC0116,dkd
DL1PC0170,dkd
DL1PC0184,dkd
DL1PC0206,dkd
DL1PC0342,dkd
DL1PC0346,dkd
DL1PC0463,dkd
DL1PC0506,dkd
DL1PC0507,dkd
DL1PC0508,dkd
DL1PC0509,dkd
DL1PC0510,dkd
DL1PC0512,dkd
DL1PC0513,dkd
DL1PC0514,dkd
DL1PC0515,dkd
DL1PC0516,dkd
DL1PC0517,dkd
DL1PC0518,dkd
DL1PC0519,dkd
DL1PC0529,dkd
DL1PC0530,dkd
DL1PC0531,dkd
DL1PC0532,dkd
DL1PC0542,dkd
DL1PC0543,dkd
DL1PC0544,dkd
DL1PC0546,dkd
DL1PC0547,dkd
DL1PC0548,dkd
DL1PC0549,dkd
DL1PC0550,dkd
DL1PC0551,dkd
DL1PC0558,dkd
DL1PC0559,dkd
DL1PC0560,dkd
DL1PC0562,dkd
DL1PC0589,dkd
DL1PC0657,dkd
DL1PC0667,dkd
DL1PC0681,dkd
DL1PC0740,dkd
DL1PC0773,dkd
DL1PC0779,dkd
DL1PC0921,dkd
DL1PC0923,dkd
DL1PC0948,dkd
DL1PC0980,dkd
DL1PC0981,dkd
DL1PC0984,dkd
DL1PC1023,dkd
DL1PC1024,dkd
DL1PC1043,dkd
DL1PC1089,dkd
DL1PC1268,dkd
DL1PC1308,dkd
DL1PC1324,dkd
DL1PC1364,dkd
DL1PC1388,dkd
DL1PC1390,dkd
DL1PC1438,dkd
DL1PC1444,dkd
DL1PC1498,dkd
DL1PC1550,dkd
DL1PC1552,dkd
DL1PC1562,dkd
DL1PC1649,dkd
DL1PC3205,dw sec-2
DL1PC3206,dw sec-2
DL1PC3208,dw sec-2
DL1PC3209,dw sec-2
DL1PC3210,dw sec-2
DL1PC3300,dw sec-2
DL1PC3375,dw sec-2
DL1PC3378,dw sec-2
DL1PC3379,dw sec-2
DL1PC3380,dw sec-2
DL1PC4022,dw sec-2
DL1PC4036,dw sec-2
DL1PC4037,dw sec-2
DL1PC4038,dw sec-2
DL1PC4060,dw sec-2
DL1PC7564,dw sec-2
DL1PC7565,dw sec-2
DL1PC7566,dw sec-2
DL1PC7567,dw sec-2
DL1PC7568,dw sec-2
DL1PC7569,dw sec-2
DL1PC7570,dw sec-2
DL1PC7571,dw sec-2
DL1PC7578,dw sec-2
DL1PC7579,dw sec-2
DL1PC7580,dw sec-2
DL1PC7581,dw sec-2
DL1PC7582,dw sec-2
DL1PC7605,dw sec-2
DL1PC7616,dw sec-2
DL1PC7618,dw sec-2
DL1PC7619,dw sec-2
DL1PC7649,dw sec-2
DL1PC7650,dw sec-2
DL1PC7651,dw sec-2
DL1PC7652,dw sec-2
DL1PC7653,dw sec-2
DL1PC7654,dw sec-2
DL1PC7657,dw sec-2
DL1PC7659,dw sec-2
DL1PC7706,dw sec-2
DL1PC7708,dw sec-2
DL1PC7709,dw sec-2
DL1PC7710,dw sec-2
DL1PC7712,dw sec-2
DL1PC7713,dw sec-2
DL1PC7714,dw sec-2
DL1PC7715,dw sec-2
DL1PC7716,dw sec-2
DL1PC7717,dw sec-2
DL1PC7718,dw sec-2
DL1PC7719,dw sec-2
DL1PC7720,dw sec-2
DL1PC7721,dw sec-2
DL1PC7722,dw sec-2
DL1PC7723,dw sec-2
DL1PC7724,dw sec-2
DL1PC7725,dw sec-2
DL1PC7726,dw sec-2
DL1PC7727,dw sec-2
DL1PC7742,dw sec-2
DL1PC7743,dw sec-2
DL1PC7744,dw sec-2
DL1PC7745,dw sec-2
DL1PC7746,dw sec-2
DL1PC7747,dw sec-2
DL1PC7748,dw sec-2
DL1PC7749,dw sec-2
DL1PC7750,dw sec-2
DL1PC7751,dw sec-2
DL1PC7752,dw sec-2
DL1PC7753,dw sec-2
DL1PC7755,dw sec-2
DL1PC7756,dw sec-2
DL1PC7757,dw sec-2
DL1PC7758,dw sec-2
DL1PC7803,dw sec-2
DL1PC7804,dw sec-2
DL1PC7805,dw sec-2
DL1PC7806,dw sec-2
DL1PC7807,dw sec-2
DL1PC7808,dw sec-2
DL1PC7809,dw sec-2
DL1PC7829,dw sec-2
DL1PC7830,dw sec-2
DL1PC7831,dw sec-2
DL1PC7832,dw sec-2
DL1PC8222,dw sec-2
DL1PC8702,dw sec-2
DL1PC8707,dw sec-2
DL1PC8710,dw sec-2
DL1PC8712,dw sec-2
DL1PC8717,dw sec-2
DL1PC8725,dw sec-2
DL1PC8727,dw sec-2
DL1PC8730,dw sec-2
DL1PC8731,dw sec-2
DL1PC8732,dw sec-2
DL1PC8794,dw sec-2
DL1PC8795,dw sec-2
DL1PC8796,dw sec-2
DL1PC8797,dw sec-2
DL1PC8799,dw sec-2
DL1PC8800,dw sec-2
DL1PC8802,dw sec-2
DL1PC8826,dw sec-2
DL1PC8922,dw sec-2
DL1PC9658,dw sec-2
DL1PC9661,dw sec-2
DL1PC9662,dw sec-2
DL1PC9663,dw sec-2
DL1PC9664,dw sec-2
DL1PC9667,dw sec-2
DL1PC9668,dw sec-2
DL1PC9681,dw sec-2
DL1PC9730,dw sec-2
DL1PC9808,dw sec-2
DL1PC9809,dw sec-2
DL1PC9919,dw sec-2
DL1PC9920,dw sec-2
DL1PC9923,dw sec-2
DL1PC9974,dw sec-2
DL1PC9979,dw sec-2
DL1PC9980,dw sec-2
DL1PC9981,dw sec-2
DL1PC9982,dw sec-2
DL1PC9983,dw sec-2
DL1PC9991,dw sec-2
DL1PC9994,dw sec-2
DL1PC9995,dw sec-2
DL1PC7101,dw sec-8
DL1PC7107,dw sec-8
DL1PC7109,dw sec-8
DL1PC7110,dw sec-8
DL1PC7112,dw sec-8
DL1PC7114,dw sec-8
DL1PC7123,dw sec-8
DL1PC7124,dw sec-8
DL1PC7125,dw sec-8
DL1PC7126,dw sec-8
DL1PC7127,dw sec-8
DL1PC7128,dw sec-8
DL1PC7129,dw sec-8
DL1PC7130,dw sec-8
DL1PC7131,dw sec-8
DL1PC7133,dw sec-8
DL1PC7134,dw sec-8
DL1PC7140,dw sec-8
DL1PC7141,dw sec-8
DL1PC7143,dw sec-8
DL1PC7144,dw sec-8
DL1PC7145,dw sec-8
DL1PC7146,dw sec-8
DL1PC7148,dw sec-8
DL1PC7151,dw sec-8
DL1PC7152,dw sec-8
DL1PC7154,dw sec-8
DL1PC7209,dw sec-8
DL1PC7213,dw sec-8
DL1PC7221,dw sec-8
DL1PC7222,dw sec-8
DL1PC7223,dw sec-8
DL1PC7224,dw sec-8
DL1PC7225,dw sec-8
DL1PC7226,dw sec-8
DL1PC7227,dw sec-8
DL1PC7255,dw sec-8
DL1PC7256,dw sec-8
DL1PC7257,dw sec-8
DL1PC7258,dw sec-8
DL1PC7259,dw sec-8
DL1PC7260,dw sec-8
DL1PC7262,dw sec-8
DL1PC7263,dw sec-8
DL1PC7264,dw sec-8
DL1PC7265,dw sec-8
DL1PC7266,dw sec-8
DL1PC7267,dw sec-8
DL1PC7268,dw sec-8
DL1PC7269,dw sec-8
DL1PC7270,dw sec-8
DL1PC7271,dw sec-8
DL1PC7272,dw sec-8
DL1PC7273,dw sec-8
DL1PC7274,dw sec-8
DL1PC7275,dw sec-8
DL1PC7276,dw sec-8
DL1PC7277,dw sec-8
DL1PC7295,dw sec-8
DL1PC7296,dw sec-8
DL1PC7302,dw sec-8
DL1PC7303,dw sec-8
DL1PC7304,dw sec-8
DL1PC7306,dw sec-8
DL1PC7307,dw sec-8
DL1PC7308,dw sec-8
DL1PC7320,dw sec-8
DL1PC7328,dw sec-8
DL1PC7329,dw sec-8
DL1PC7330,dw sec-8
DL1PC7332,dw sec-8
DL1PC7333,dw sec-8
DL1PC7343,dw sec-8
DL1PC7370,dw sec-8
DL1PC7371,dw sec-8
DL1PC7372,dw sec-8
DL1PC7373,dw sec-8
DL1PC7374,dw sec-8
DL1PC7375,dw sec-8
DL1PC7376,dw sec-8
DL1PC7378,dw sec-8
DL1PC7379,dw sec-8
DL1PC7380,dw sec-8
DL1PC7381,dw sec-8
DL1PC7382,dw sec-8
DL1PC7383,dw sec-8
DL1PC7384,dw sec-8
DL1PC7388,dw sec-8
DL1PC7389,dw sec-8
DL1PC7395,dw sec-8
DL1PC7396,dw sec-8
DL1PC7397,dw sec-8
DL1PC7398,dw sec-8
DL1PC7399,dw sec-8
DL1PC7400,dw sec-8
DL1PC7401,dw sec-8
DL1PC7402,dw sec-8
DL1PC7403,dw sec-8
DL1PC7404,dw sec-8
DL1PC7405,dw sec-8
DL1PC7406,dw sec-8
DL1PC7407,dw sec-8
DL1PC7408,dw sec-8
DL1PC7410,dw sec-8
DL1PC7413,dw sec-8
DL1PC7414,dw sec-8
DL1PC7584,dw sec-8
DL1PC7588,dw sec-8
DL1PC7593,dw sec-8
DL1PC7594,dw sec-8
DL1PC7595,dw sec-8
DL1PC7601,dw sec-8
DL1PC8092,dw sec-8
DL1PC8093,dw sec-8
DL1PC8095,dw sec-8
DL1PC8096,dw sec-8
DL1PC8098,dw sec-8
DL1PC9076,dw sec-8
DL1PC9104,dw sec-8
DL1PC9105,dw sec-8
DL1PC9106,dw sec-8
DL1PC9107,dw sec-8
DL1PC9108,dw sec-8
DL1PC9109,dw sec-8
DL1PC9110,dw sec-8
DL1PC9111,dw sec-8
DL1PC9112,dw sec-8
DL1PC9113,dw sec-8
DL1PC9114,dw sec-8
DL1PC9115,dw sec-8
DL1PC3302,dws-2
DL1PC3546,dws-2
DL1PC4018,dws-2
DL1PC7173,dws-2
DL1PC7430,dws-2
DL1PC3261,evnd
DL1PC3262,evnd
DL1PC3263,evnd
DL1PC3266,evnd
DL1PC3268,evnd
DL1PC3273,evnd
DL1PC3286,evnd
DL1PC3287,evnd
DL1PC3298,evnd
DL1PC3434,evnd
DL1PC3435,evnd
DL1PC3436,evnd
DL1PC3537,evnd
DL1PC3539,evnd
DL1PC3541,evnd
DL1PC3545,evnd
DL1PC3547,evnd
DL1PC3548,evnd
DL1PC3571,evnd
DL1PC3593,evnd
DL1PC3597,evnd
DL1PC3598,evnd
DL1PC3599,evnd
DL1PC3601,evnd
DL1PC7158,evnd
DL1PC7160,evnd
DL1PC8025,evnd
DL1PC8118,evnd
DL1PC8315,evnd
DL1PC8316,evnd
DL1PC8317,evnd
DL1PC8318,evnd
DL1PC8319,evnd
DL1PC8320,evnd
DL1PC8321,evnd
DL1PC8322,evnd
DL1PC8323,evnd
DL1PC8324,evnd
DL1PC8325,evnd
DL1PC8327,evnd
DL1PC8328,evnd
DL1PC8329,evnd
DL1PC8330,evnd
DL1PC8331,evnd
DL1PC8332,evnd
DL1PC8333,evnd
DL1PC8334,evnd
DL1PC8335,evnd
DL1PC8336,evnd
DL1PC8337,evnd
DL1PC8338,evnd
DL1PC8339,evnd
DL1PC8340,evnd
DL1PC8341,evnd
DL1PC8342,evnd
DL1PC8343,evnd
DL1PC8344,evnd
DL1PC8345,evnd
DL1PC8346,evnd
DL1PC8347,evnd
DL1PC8348,evnd
DL1PC8349,evnd
DL1PC8350,evnd
DL1PC8351,evnd
DL1PC8352,evnd
DL1PC8353,evnd
DL1PC8354,evnd
DL1PC8355,evnd
DL1PC8356,evnd
DL1PC8357,evnd
DL1PC8358,evnd
DL1PC8359,evnd
DL1PC8394,evnd
DL1PC8395,evnd
DL1PC8396,evnd
DL1PC8397,evnd
DL1PC8415,evnd
DL1PC8416,evnd
DL1PC8417,evnd
DL1PC8734,evnd
DL1PC8735,evnd
DL1PC8736,evnd
DL1PC8737,evnd
DL1PC8738,evnd
DL1PC8739,evnd
DL1PC8740,evnd
DL1PC8741,evnd
DL1PC8742,evnd
DL1PC8743,evnd
DL1PC8744,evnd
DL1PC8745,evnd
DL1PC8746,evnd
DL1PC8747,evnd
DL1PC8748,evnd
DL1PC8749,evnd
DL1PC8750,evnd
DL1PC8751,evnd
DL1PC8792,evnd
DL1PC8793,evnd
DL1PC9607,evnd
DL1PC9813,evnd
DL1PC9816,evnd
DL1PC9891,evnd
DL1PC9893,evnd
DL1PC9959,evnd
DL1PC9960,evnd
DL1PC9961,evnd
DL1PC9967,evnd
DL1PC9969,evnd
DL1PC9970,evnd
DL1PC9975,evnd
DL1PC9986,evnd
DL1PC8912,gpd
DL1PC8913,gpd
DL1PC8914,gpd
DL1PC8915,gpd
DL1PC8916,gpd
DL1PC8917,gpd
DL1PC8918,gpd
DL1PC8982,gpd
DL1PC8983,gpd
DL1PC8984,gpd
DL1PC8985,gpd
DL1PC9008,gpd
DL1PC9010,gpd
DL1PC9011,gpd
DL1PC9012,gpd
DL1PC9013,gpd
DL1PC9058,gpd
DL1PC9243,gpd
DL1PC9244,gpd
DL1PC9245,gpd
DL1PC9246,gpd
DL1PC9247,gpd
DL1PC9248,gpd
DL1PC9249,gpd
DL1PC9250,gpd
DL1PC9251,gpd
DL1PC9252,gpd
DL1PC9253,gpd
DL1PC9255,gpd
DL1PC9256,gpd
DL1PC9257,gpd
DL1PC9258,gpd
DL1PC9259,gpd
DL1PC9260,gpd
DL1PC9261,gpd
DL1PC9262,gpd
DL1PC9263,gpd
DL1PC9264,gpd
DL1PC9265,gpd
DL1PC9266,gpd
DL1PC9267,gpd
DL1PC9268,gpd
DL1PC9269,gpd
DL1PC9270,gpd
DL1PC9271,gpd
DL1PC9272,gpd
DL1PC9273,gpd
DL1PC9274,gpd
DL1PC9276,gpd
DL1PC9277,gpd
DL1PC9278,gpd
DL1PC9279,gpd
DL1PC9280,gpd
DL1PC9281,gpd
DL1PC9282,gpd
DL1PC9283,gpd
DL1PC9284,gpd
DL1PC9285,gpd
DL1PC9286,gpd
DL1PC9287,gpd
DL1PC9288,gpd
DL1PC9289,gpd
DL1PC9290,gpd
DL1PC9291,gpd
DL1PC9293,gpd
DL1PC9294,gpd
DL1PC9295,gpd
DL1PC9296,gpd
DL1PC9297,gpd
DL1PC9298,gpd
DL1PC9299,gpd
DL1PC9321,gpd
DL1PC9322,gpd
DL1PC9323,gpd
DL1PC9324,gpd
DL1PC9325,gpd
DL1PC9326,gpd
DL1PC9327,gpd
DL1PC9328,gpd
DL1PC9329,gpd
DL1PC9331,gpd
DL1PC9332,gpd
DL1PC9333,gpd
DL1PC9335,gpd
DL1PC9337,gpd
DL1PC9339,gpd
DL1PC9340,gpd
DL1PC9341,gpd
DL1PC9342,gpd
DL1PC9343,gpd
DL1PC9344,gpd
DL1PC9345,gpd
DL1PC9346,gpd
DL1PC9347,gpd
DL1PC9377,gpd
DL1PC9378,gpd
DL1PC9379,gpd
DL1PC9380,gpd
DL1PC9381,gpd
DL1PC9382,gpd
DL1PC9399,gpd
DL1PC9405,gpd
DL1PC9407,gpd
DL1PC9408,gpd
DL1PC9409,gpd
DL1PC9410,gpd
DL1PC9411,gpd
DL1PC9412,gpd
DL1PC9413,gpd
DL1PC9414,gpd
DL1PC9500,gpd
DL1PC9501,gpd
DL1PC8507,gtk
DL1PC8508,gtk
DL1PC8752,gtk
DL1PC8753,gtk
DL1PC8754,gtk
DL1PC8755,gtk
DL1PC8756,gtk
DL1PC8757,gtk
DL1PC8758,gtk
DL1PC8759,gtk
DL1PC8760,gtk
DL1PC8761,gtk
DL1PC8762,gtk
DL1PC8763,gtk
DL1PC8764,gtk
DL1PC8765,gtk
DL1PC8766,gtk
DL1PC8767,gtk
DL1PC8768,gtk
DL1PC8769,gtk
DL1PC8770,gtk
DL1PC8771,gtk
DL1PC8772,gtk
DL1PC8773,gtk
DL1PC8774,gtk
DL1PC8775,gtk
DL1PC8776,gtk
DL1PC8777,gtk
DL1PC8778,gtk
DL1PC8779,gtk
DL1PC8780,gtk
DL1PC8781,gtk
DL1PC8782,gtk
DL1PC8783,gtk
DL1PC8784,gtk
DL1PC8785,gtk
DL1PC8786,gtk
DL1PC8789,gtk
DL1PC8790,gtk
DL1PC8791,gtk
DL1PC8830,gtk
DL1PC8831,gtk
DL1PC8832,gtk
DL1PC8833,gtk
DL1PC8834,gtk
DL1PC8835,gtk
DL1PC8836,gtk
DL1PC8837,gtk
DL1PC8838,gtk
DL1PC8839,gtk
DL1PC8840,gtk
DL1PC8841,gtk
DL1PC8842,gtk
DL1PC8843,gtk
DL1PC8844,gtk
DL1PC8845,gtk
DL1PC8846,gtk
DL1PC8847,gtk
DL1PC8848,gtk
DL1PC8849,gtk
DL1PC8850,gtk
DL1PC8851,gtk
DL1PC8852,gtk
DL1PC8853,gtk
DL1PC8854,gtk
DL1PC8856,gtk
DL1PC8857,gtk
DL1PC8858,gtk
DL1PC8859,gtk
DL1PC8860,gtk
DL1PC8861,gtk
DL1PC8862,gtk
DL1PC8863,gtk
DL1PC8864,gtk
DL1PC8865,gtk
DL1PC8866,gtk
DL1PC8867,gtk
DL1PC8869,gtk
DL1PC8870,gtk
DL1PC8871,gtk
DL1PC8872,gtk
DL1PC8873,gtk
DL1PC8874,gtk
DL1PC8875,gtk
DL1PC8876,gtk
DL1PC8986,gtk
DL1PC8987,gtk
DL1PC8988,gtk
DL1PC8990,gtk
DL1PC8991,gtk
DL1PC8992,gtk
DL1PC8993,gtk
DL1PC8994,gtk
DL1PC8995,gtk
DL1PC8996,gtk
DL1PC8997,gtk
DL1PC8998,gtk
DL1PC8999,gtk
DL1PC9001,gtk
DL1PC9002,gtk
DL1PC9304,gtk
DL1PC9308,gtk
DL1PC9314,gtk
DL1PC9318,gtk
DL1PC9336,gtk
DL1PC9522,gtk
DL1PC9523,gtk
DL1PC9524,gtk
DL1PC9526,gtk
DL1PC9527,gtk
DL1PC9528,gtk
DL1PC9529,gtk
DL1PC9530,gtk
DL1PC0171,hnd-i
DL1PC0178,hnd-i
DL1PC0188,hnd-i
DL1PC0191,hnd-i
DL1PC0197,hnd-i
DL1PC0207,hnd-i
DL1PC0209,hnd-i
DL1PC0243,hnd-i
DL1PC0244,hnd-i
DL1PC0286,hnd-i
DL1PC0590,hnd-i
DL1PC0597,hnd-i
DL1PC0598,hnd-i
DL1PC0599,hnd-i
DL1PC0600,hnd-i
DL1PC0601,hnd-i
DL1PC0797,hnd-i
DL1PC0807,hnd-i
DL1PC0808,hnd-i
DL1PC0874,hnd-i
DL1PC0879,hnd-i
DL1PC0881,hnd-i
DL1PC0882,hnd-i
DL1PC0907,hnd-i
DL1PC0908,hnd-i
DL1PC0913,hnd-i
DL1PC0914,hnd-i
DL1PC0916,hnd-i
DL1PC0919,hnd-i
DL1PC0920,hnd-i
DL1PC0922,hnd-i
DL1PC0932,hnd-i
DL1PC0934,hnd-i
DL1PC0935,hnd-i
DL1PC0936,hnd-i
DL1PC0946,hnd-i
DL1PC0947,hnd-i
DL1PC0949,hnd-i
DL1PC0951,hnd-i
DL1PC0952,hnd-i
DL1PC0953,hnd-i
DL1PC0955,hnd-i
DL1PC0956,hnd-i
DL1PC0957,hnd-i
DL1PC0958,hnd-i
DL1PC0959,hnd-i
DL1PC0960,hnd-i
DL1PC0961,hnd-i
DL1PC0974,hnd-i
DL1PC0976,hnd-i
DL1PC0979,hnd-i
DL1PC0982,hnd-i
DL1PC0983,hnd-i
DL1PC0992,hnd-i
DL1PC0993,hnd-i
DL1PC0994,hnd-i
DL1PC0995,hnd-i
DL1PC0996,hnd-i
DL1PC1021,hnd-i
DL1PC1022,hnd-i
DL1PC1025,hnd-i
DL1PC1026,hnd-i
DL1PC1027,hnd-i
DL1PC1028,hnd-i
DL1PC1033,hnd-i
DL1PC1034,hnd-i
DL1PC1037,hnd-i
DL1PC1039,hnd-i
DL1PC1040,hnd-i
DL1PC1041,hnd-i
DL1PC1042,hnd-i
DL1PC1048,hnd-i
DL1PC1049,hnd-i
DL1PC1050,hnd-i
DL1PC1059,hnd-i
DL1PC1062,hnd-i
DL1PC1063,hnd-i
DL1PC1064,hnd-i
DL1PC1065,hnd-i
DL1PC1066,hnd-i
DL1PC1067,hnd-i
DL1PC1068,hnd-i
DL1PC1462,hnd-i
DL1PC1501,hnd-i
DL1PC1502,hnd-i
DL1PC1503,hnd-i
DL1PC1504,hnd-i
DL1PC1512,hnd-i
DL1PC1513,hnd-i
DL1PC1547,hnd-i
DL1PC1554,hnd-i
DL1PC1563,hnd-i
DL1PC1569,hnd-i
DL1PC1572,hnd-i
DL1PC1573,hnd-i
DL1PC1574,hnd-i
DL1PC1593,hnd-i
DL1PC1603,hnd-i
DL1PC1606,hnd-i
DL1PC1650,hnd-i
DL1PC7898,hnd-ii
DL1PC7899,hnd-ii
DL1PC7900,hnd-ii
DL1PC7901,hnd-ii
DL1PC7902,hnd-ii
DL1PC8034,hnd-ii
DL1PC8035,hnd-ii
DL1PC8078,hnd-ii
DL1PC8079,hnd-ii
DL1PC8080,hnd-ii
DL1PC8081,hnd-ii
DL1PC8082,hnd-ii
DL1PC8083,hnd-ii
DL1PC8084,hnd-ii
DL1PC8086,hnd-ii
DL1PC8091,hnd-ii
DL1PC8097,hnd-ii
DL1PC8101,hnd-ii
DL1PC8102,hnd-ii
DL1PC8104,hnd-ii
DL1PC8105,hnd-ii
DL1PC8106,hnd-ii
DL1PC8107,hnd-ii
DL1PC8108,hnd-ii
DL1PC8109,hnd-ii
DL1PC8110,hnd-ii
DL1PC8112,hnd-ii
DL1PC8113,hnd-ii
DL1PC8114,hnd-ii
DL1PC8115,hnd-ii
DL1PC8116,hnd-ii
DL1PC8121,hnd-ii
DL1PC8122,hnd-ii
DL1PC8123,hnd-ii
DL1PC8124,hnd-ii
DL1PC8125,hnd-ii
DL1PC8126,hnd-ii
DL1PC8128,hnd-ii
DL1PC8129,hnd-ii
DL1PC8130,hnd-ii
DL1PC8131,hnd-ii
DL1PC8132,hnd-ii
DL1PC8133,hnd-ii
DL1PC8134,hnd-ii
DL1PC8135,hnd-ii
DL1PC8136,hnd-ii
DL1PC8137,hnd-ii
DL1PC8138,hnd-ii
DL1PC8139,hnd-ii
DL1PC8140,hnd-ii
DL1PC8141,hnd-ii
DL1PC8163,hnd-ii
DL1PC8165,hnd-ii
DL1PC8166,hnd-ii
DL1PC8167,hnd-ii
DL1PC8168,hnd-ii
DL1PC8170,hnd-ii
DL1PC8171,hnd-ii
DL1PC8172,hnd-ii
DL1PC8173,hnd-ii
DL1PC8174,hnd-ii
DL1PC8175,hnd-ii
DL1PC8176,hnd-ii
DL1PC8177,hnd-ii
DL1PC8178,hnd-ii
DL1PC8179,hnd-ii
DL1PC8180,hnd-ii
DL1PC8182,hnd-ii
DL1PC8183,hnd-ii
DL1PC8184,hnd-ii
DL1PC8185,hnd-ii
DL1PC8186,hnd-ii
DL1PC8187,hnd-ii
DL1PC8188,hnd-ii
DL1PC8189,hnd-ii
DL1PC8190,hnd-ii
DL1PC8191,hnd-ii
DL1PC8195,hnd-ii
DL1PC8196,hnd-ii
DL1PC8197,hnd-ii
DL1PC8198,hnd-ii
DL1PC8199,hnd-ii
DL1PC8200,hnd-ii
DL1PC8202,hnd-ii
DL1PC8203,hnd-ii
DL1PC8205,hnd-ii
DL1PC8206,hnd-ii
DL1PC8208,hnd-ii
DL1PC8210,hnd-ii
DL1PC8212,hnd-ii
DL1PC8214,hnd-ii
DL1PC8216,hnd-ii
DL1PC8224,hnd-ii
DL1PC8225,hnd-ii
DL1PC8226,hnd-ii
DL1PC8227,hnd-ii
DL1PC8229,hnd-ii
DL1PC8237,hnd-ii
DL1PC8250,hnd-ii
DL1PC8256,hnd-ii
DL1PC8257,hnd-ii
DL1PC8258,hnd-ii
DL1PC8259,hnd-ii
DL1PC8261,hnd-ii
DL1PC8265,hnd-ii
DL1PC8266,hnd-ii
DL1PC8267,hnd-ii
DL1PC8268,hnd-ii
DL1PC8280,hnd-ii
DL1PC8292,hnd-ii
DL1PC0351,hpd
DL1PC0364,hpd
DL1PC0388,hpd
DL1PC0420,hpd
DL1PC0421,hpd
DL1PC0422,hpd
DL1PC0423,hpd
DL1PC0561,hpd
DL1PC0566,hpd
DL1PC0567,hpd
DL1PC0568,hpd
DL1PC0569,hpd
DL1PC0572,hpd
DL1PC0573,hpd
DL1PC0574,hpd
DL1PC0580,hpd
DL1PC0581,hpd
DL1PC0582,hpd
DL1PC0587,hpd
DL1PC0588,hpd
DL1PC0602,hpd
DL1PC0603,hpd
DL1PC0604,hpd
DL1PC0637,hpd
DL1PC0638,hpd
DL1PC0639,hpd
DL1PC0640,hpd
DL1PC0648,hpd
DL1PC0650,hpd
DL1PC0654,hpd
DL1PC0655,hpd
DL1PC0656,hpd
DL1PC0661,hpd
DL1PC0662,hpd
DL1PC0663,hpd
DL1PC0673,hpd
DL1PC0674,hpd
DL1PC0675,hpd
DL1PC0679,hpd
DL1PC0680,hpd
DL1PC0682,hpd
DL1PC0683,hpd
DL1PC0699,hpd
DL1PC0707,hpd
DL1PC0708,hpd
DL1PC0709,hpd
DL1PC0710,hpd
DL1PC0711,hpd
DL1PC0712,hpd
DL1PC0713,hpd
DL1PC0714,hpd
DL1PC0715,hpd
DL1PC0716,hpd
DL1PC0717,hpd
DL1PC0718,hpd
DL1PC0719,hpd
DL1PC0721,hpd
DL1PC0722,hpd
DL1PC0727,hpd
DL1PC0728,hpd
DL1PC0730,hpd
DL1PC0732,hpd
DL1PC0733,hpd
DL1PC0736,hpd
DL1PC0737,hpd
DL1PC0741,hpd
DL1PC0746,hpd
DL1PC0748,hpd
DL1PC0749,hpd
DL1PC0756,hpd
DL1PC0757,hpd
DL1PC0772,hpd
DL1PC0780,hpd
DL1PC0781,hpd
DL1PC0861,hpd
DL1PC0862,hpd
DL1PC0863,hpd
DL1PC0864,hpd
DL1PC0865,hpd
DL1PC0866,hpd
DL1PC0867,hpd
DL1PC0868,hpd
DL1PC0869,hpd
DL1PC0870,hpd
DL1PC0871,hpd
DL1PC1078,hpd
DL1PC1079,hpd
DL1PC1082,hpd
DL1PC1083,hpd
DL1PC1084,hpd
DL1PC1085,hpd
DL1PC1086,hpd
DL1PC1087,hpd
DL1PC1088,hpd
DL1PC1092,hpd
DL1PC1097,hpd
DL1PC1098,hpd
DL1PC1099,hpd
DL1PC1114,hpd
DL1PC1115,hpd
DL1PC1116,hpd
DL1PC1123,hpd
DL1PC1124,hpd
DL1PC1125,hpd
DL1PC1126,hpd
DL1PC1130,hpd
DL1PC1131,hpd
DL1PC1132,hpd
DL1PC1134,hpd
DL1PC1135,hpd
DL1PC1136,hpd
DL1PC1137,hpd
DL1PC1138,hpd
DL1PC1139,hpd
DL1PC1151,hpd
DL1PC1152,hpd
DL1PC1154,hpd
DL1PC1155,hpd
DL1PC1156,hpd
DL1PC1206,hpd
DL1PC1207,hpd
DL1PC1208,hpd
DL1PC1209,hpd
DL1PC1210,hpd
DL1PC1211,hpd
DL1PC1212,hpd
DL1PC1214,hpd
DL1PC1241,hpd
DL1PC1480,hpd
DL1PC1481,hpd
DL1PC1482,hpd
DL1PC1483,hpd
DL1PC1489,hpd
DL1PC1490,hpd
DL1PC1493,hpd
DL1PC1496,hpd
DL1PC1499,hpd
DL1PC1505,hpd
DL1PC1506,hpd
DL1PC1509,hpd
DL1PC1510,hpd
DL1PC1511,hpd
DL1PC1534,hpd
DL1PC1535,hpd
DL1PC1537,hpd
DL1PC8923,kjd
DL1PC8924,kjd
DL1PC8925,kjd
DL1PC8926,kjd
DL1PC8927,kjd
DL1PC8928,kjd
DL1PC8929,kjd
DL1PC8930,kjd
DL1PC8931,kjd
DL1PC8932,kjd
DL1PC8933,kjd
DL1PC8934,kjd
DL1PC8935,kjd
DL1PC8936,kjd
DL1PC8937,kjd
DL1PC8938,kjd
DL1PC8939,kjd
DL1PC8940,kjd
DL1PC9003,kjd
DL1PC9004,kjd
DL1PC9005,kjd
DL1PC9006,kjd
DL1PC9007,kjd
DL1PC9034,kjd
DL1PC9035,kjd
DL1PC9036,kjd
DL1PC9037,kjd
DL1PC9038,kjd
DL1PC9039,kjd
DL1PC9040,kjd
DL1PC9041,kjd
DL1PC9042,kjd
DL1PC9043,kjd
DL1PC9044,kjd
DL1PC9045,kjd
DL1PC9046,kjd
DL1PC9047,kjd
DL1PC9048,kjd
DL1PC9049,kjd
DL1PC9050,kjd
DL1PC9051,kjd
DL1PC9052,kjd
DL1PC9053,kjd
DL1PC9054,kjd
DL1PC9055,kjd
DL1PC9056,kjd
DL1PC9057,kjd
DL1PC9531,kjd
DL1PC9532,kjd
DL1PC9533,kjd
DL1PC9534,kjd
DL1PC9535,kjd
DL1PC9536,kjd
DL1PC9537,kjd
DL1PC9538,kjd
DL1PC9539,kjd
DL1PC9540,kjd
DL1PC9541,kjd
DL1PC9542,kjd
DL1PC9543,kjd
DL1PC9544,kjd
DL1PC9545,kjd
DL1PC9546,kjd
DL1PC9547,kjd
DL1PC9548,kjd
DL1PC9549,kjd
DL1PC9550,kjd
DL1PC9551,kjd
DL1PC9552,kjd
DL1PC9553,kjd
DL1PC9554,kjd
DL1PC9556,kjd
DL1PC9558,kjd
DL1PC9559,kjd
DL1PC9560,kjd
DL1PC9561,kjd
DL1PC9562,kjd
DL1PC9563,kjd
DL1PC9564,kjd
DL1PC9567,kjd
DL1PC9568,kjd
DL1PC9569,kjd
DL1PC9570,kjd
DL1PC9572,kjd
DL1PC9573,kjd
DL1PC9575,kjd
DL1PC9576,kjd
DL1PC9624,kjd
DL1PC9625,kjd
DL1PC9626,kjd
DL1PC9627,kjd
DL1PC9628,kjd
DL1PC9629,kjd
DL1PC9630,kjd
DL1PC9631,kjd
DL1PC9632,kjd
DL1PC9633,kjd
DL1PC9634,kjd
DL1PC9635,kjd
DL1PC9636,kjd
DL1PC9637,kjd
DL1PC9638,kjd
DL1PC9639,kjd
DL1PC9640,kjd
DL1PC9641,kjd
DL1PC9642,kjd
DL1PC9643,kjd
DL1PC9644,kjd
DL1PC9645,kjd
DL1PB9850,knjd
DL1PB9852,knjd
DL1PB9853,knjd
DL1PB9854,knjd
DL1PB9878,knjd
DL1PB9880,knjd
DL1PB9881,knjd
DL1PB9882,knjd
DL1PB9885,knjd
DL1PB9886,knjd
DL1PB9889,knjd
DL1PB9890,knjd
DL1PB9891,knjd
DL1PB9901,knjd
DL1PB9902,knjd
DL1PC7470,knjd
DL1PC7489,knjd
DL1PC7628,knjd
DL1PC7629,knjd
DL1PC7630,knjd
DL1PC7646,knjd
DL1PC7661,knjd
DL1PC7670,knjd
DL1PC7696,knjd
DL1PC7734,knjd
DL1PC7818,knjd
DL1PC7819,knjd
DL1PC8032,knjd
DL1PC8033,knjd
DL1PC8193,knjd
DL1PC8230,knjd
DL1PC8233,knjd
DL1PC8234,knjd
DL1PC8238,knjd
DL1PC8239,knjd
DL1PC8242,knjd
DL1PC8243,knjd
DL1PC8244,knjd
DL1PC8245,knjd
DL1PC8246,knjd
DL1PC8253,knjd
DL1PC8254,knjd
DL1PC8255,knjd
DL1PC8269,knjd
DL1PC8270,knjd
DL1PC8271,knjd
DL1PC8272,knjd
DL1PC8273,knjd
DL1PC8275,knjd
DL1PC8276,knjd
DL1PC8277,knjd
DL1PC8279,knjd
DL1PC8281,knjd
DL1PC8283,knjd
DL1PC8284,knjd
DL1PC8285,knjd
DL1PC8286,knjd
DL1PC8289,knjd
DL1PC8290,knjd
DL1PC8291,knjd
DL1PC8298,knjd
DL1PC8452,knjd
DL1PC8500,knjd
DL1PC8504,knjd
DL1PC8505,knjd
DL1PC8637,knjd
DL1PC8646,knjd
DL1PC8656,knjd
DL1PC8657,knjd
DL1PC8658,knjd
DL1PC8659,knjd
DL1PC8660,knjd
DL1PC8661,knjd
DL1PC8662,knjd
DL1PC8663,knjd
DL1PC8664,knjd
DL1PC8665,knjd
DL1PC8666,knjd
DL1PC8667,knjd
DL1PC8668,knjd
DL1PC8669,knjd
DL1PC8670,knjd
DL1PC8671,knjd
DL1PC8803,knjd
DL1PC8804,knjd
DL1PC8827,knjd
DL1PC9064,knjd
DL1PC9065,knjd
DL1PC9066,knjd
DL1PC9067,knjd
DL1PC9068,knjd
DL1PC9348,knjd
DL1PC9349,knjd
DL1PC9350,knjd
DL1PC9351,knjd
DL1PC9352,knjd
DL1PC9353,knjd
DL1PC9363,knjd
DL1PC9364,knjd
DL1PC9365,knjd
DL1PC9366,knjd
DL1PC9367,knjd
DL1PC9368,knjd
DL1PC9369,knjd
DL1PC9370,knjd
DL1PC9371,knjd
DL1PC9372,knjd
DL1PC9373,knjd
DL1PC9374,knjd
DL1PC9375,knjd
DL1PC9376,knjd
DL1PC9745,knjd
DL1PC9746,knjd
DL1PC9747,knjd
DL1PC9748,knjd
DL1PC7149,kpd
DL1PC7155,kpd
DL1PC7156,kpd
DL1PC7157,kpd
DL1PC7197,kpd
DL1PC7199,kpd
DL1PC7200,kpd
DL1PC7201,kpd
DL1PC7202,kpd
DL1PC7203,kpd
DL1PC7204,kpd
DL1PC7205,kpd
DL1PC7206,kpd
DL1PC7207,kpd
DL1PC7210,kpd
DL1PC7211,kpd
DL1PC7212,kpd
DL1PC7214,kpd
DL1PC7215,kpd
DL1PC7216,kpd
DL1PC7217,kpd
DL1PC7219,kpd
DL1PC7228,kpd
DL1PC7229,kpd
DL1PC7230,kpd
DL1PC7231,kpd
DL1PC7232,kpd
DL1PC7233,kpd
DL1PC7234,kpd
DL1PC7235,kpd
DL1PC7236,kpd
DL1PC7239,kpd
DL1PC7240,kpd
DL1PC7241,kpd
DL1PC7242,kpd
DL1PC7243,kpd
DL1PC7244,kpd
DL1PC7245,kpd
DL1PC7246,kpd
DL1PC7247,kpd
DL1PC7248,kpd
DL1PC7249,kpd
DL1PC7250,kpd
DL1PC7251,kpd
DL1PC7252,kpd
DL1PC7253,kpd
DL1PC7254,kpd
DL1PC7261,kpd
DL1PC7278,kpd
DL1PC7279,kpd
DL1PC7280,kpd
DL1PC7282,kpd
DL1PC7283,kpd
DL1PC7284,kpd
DL1PC7285,kpd
DL1PC7286,kpd
DL1PC7288,kpd
DL1PC7289,kpd
DL1PC7290,kpd
DL1PC7291,kpd
DL1PC7292,kpd
DL1PC7293,kpd
DL1PC7294,kpd
DL1PC7297,kpd
DL1PC7298,kpd
DL1PC7299,kpd
DL1PC7300,kpd
DL1PC7319,kpd
DL1PC7321,kpd
DL1PC7322,kpd
DL1PC7323,kpd
DL1PC7324,kpd
DL1PC7325,kpd
DL1PC7326,kpd
DL1PC7335,kpd
DL1PC7336,kpd
DL1PC7337,kpd
DL1PC7338,kpd
DL1PC7339,kpd
DL1PC7340,kpd
DL1PC7341,kpd
DL1PC7342,kpd
DL1PC7344,kpd
DL1PC7345,kpd
DL1PC7346,kpd
DL1PC7347,kpd
DL1PC7348,kpd
DL1PC7349,kpd
DL1PC7350,kpd
DL1PC7351,kpd
DL1PC7352,kpd
DL1PC7353,kpd
DL1PC7354,kpd
DL1PC7355,kpd
DL1PC7356,kpd
DL1PC7357,kpd
DL1PC7358,kpd
DL1PC7359,kpd
DL1PC7361,kpd
DL1PC7362,kpd
DL1PC7363,kpd
DL1PC7364,kpd
DL1PC7365,kpd
DL1PC7366,kpd
DL1PC7367,kpd
DL1PC7369,kpd
DL1PC7411,kpd
DL1PC7422,kpd
DL1PC7423,kpd
DL1PC7449,kpd
DL1PC7451,kpd
DL1PC7453,kpd
DL1PC7454,kpd
DL1PC7457,kpd
DL1PC7459,kpd
DL1PC7467,kpd
DL1PC7481,kpd
DL1PC7482,kpd
DL1PC7483,kpd
DL1PC8099,kpd
DL1PC8100,kpd
DL1PC8103,kpd
DL1PC8157,kpd
DL1PC8158,kpd
DL1PC8159,kpd
DL1PC8160,kpd
DL1PC8161,kpd
DL1PC8162,kpd
DL1PC8164,kpd
DL1PC0089,mpd
DL1PC0090,mpd
DL1PC0091,mpd
DL1PC0092,mpd
DL1PC0094,mpd
DL1PC0109,mpd
DL1PC0110,mpd
DL1PC0134,mpd
DL1PC0139,mpd
DL1PC0140,mpd
DL1PC0146,mpd
DL1PC0147,mpd
DL1PC0148,mpd
DL1PC0157,mpd
DL1PC0159,mpd
DL1PC0161,mpd
DL1PC0162,mpd
DL1PC0163,mpd
DL1PC0164,mpd
DL1PC0165,mpd
DL1PC0166,mpd
DL1PC0167,mpd
DL1PC0172,mpd
DL1PC0179,mpd
DL1PC0181,mpd
DL1PC0183,mpd
DL1PC0185,mpd
DL1PC0192,mpd
DL1PC0221,mpd
DL1PC0231,mpd
DL1PC0240,mpd
DL1PC0241,mpd
DL1PC0242,mpd
DL1PC0245,mpd
DL1PC0247,mpd
DL1PC0248,mpd
DL1PC0249,mpd
DL1PC0252,mpd
DL1PC0282,mpd
DL1PC0283,mpd
DL1PC0284,mpd
DL1PC0287,mpd
DL1PC0288,mpd
DL1PC0290,mpd
DL1PC0315,mpd
DL1PC0316,mpd
DL1PC0317,mpd
DL1PC0318,mpd
DL1PC0319,mpd
DL1PC0329,mpd
DL1PC0330,mpd
DL1PC0331,mpd
DL1PC0337,mpd
DL1PC0338,mpd
DL1PC0340,mpd
DL1PC0341,mpd
DL1PC0343,mpd
DL1PC0344,mpd
DL1PC0374,mpd
DL1PC0376,mpd
DL1PC0378,mpd
DL1PC0379,mpd
DL1PC0385,mpd
DL1PC0403,mpd
DL1PC0404,mpd
DL1PC0405,mpd
DL1PC0406,mpd
DL1PC0407,mpd
DL1PC0425,mpd
DL1PC0426,mpd
DL1PC0427,mpd
DL1PC0428,mpd
DL1PC0429,mpd
DL1PC0451,mpd
DL1PC0452,mpd
DL1PC0453,mpd
DL1PC0613,mpd
DL1PC0614,mpd
DL1PC0615,mpd
DL1PC0616,mpd
DL1PC0617,mpd
DL1PC0625,mpd
DL1PC0626,mpd
DL1PC0627,mpd
DL1PC1187,mpd
DL1PC1188,mpd
DL1PC1189,mpd
DL1PC1190,mpd
DL1PC1191,mpd
DL1PC1192,mpd
DL1PC1193,mpd
DL1PC1194,mpd
DL1PC1195,mpd
DL1PC1531,mpd
DL1PC1532,mpd
DL1PC1543,mpd
DL1PC1544,mpd
DL1PC1545,mpd
DL1PC1549,mpd
DL1PC1564,mpd
DL1PC7694,nd
DL1PC7697,nd
DL1PC7703,nd
DL1PC7705,nd
DL1PC7730,nd
DL1PC7765,nd
DL1PC7798,nd
DL1PC7823,nd
DL1PC7824,nd
DL1PC8293,nd
DL1PC8294,nd
DL1PC8295,nd
DL1PC8296,nd
DL1PC8297,nd
DL1PC8509,nd
DL1PC8510,nd
DL1PC8511,nd
DL1PC8512,nd
DL1PC8513,nd
DL1PC8514,nd
DL1PC8515,nd
DL1PC8516,nd
DL1PC8517,nd
DL1PC8518,nd
DL1PC8519,nd
DL1PC8520,nd
DL1PC8521,nd
DL1PC8522,nd
DL1PC8523,nd
DL1PC8540,nd
DL1PC8541,nd
DL1PC8542,nd
DL1PC8543,nd
DL1PC8544,nd
DL1PC8879,nd
DL1PC8881,nd
DL1PC8882,nd
DL1PC8883,nd
DL1PC8884,nd
DL1PC8885,nd
DL1PC8886,nd
DL1PC8887,nd
DL1PC8889,nd
DL1PC8890,nd
DL1PC8911,nd
DL1PC9069,nd
DL1PC9070,nd
DL1PC9071,nd
DL1PC9072,nd
DL1PC9073,nd
DL1PC9354,nd
DL1PC9355,nd
DL1PC9356,nd
DL1PC9357,nd
DL1PC9358,nd
DL1PC9359,nd
DL1PC9360,nd
DL1PC9361,nd
DL1PC9362,nd
DL1PC9433,nd
DL1PC9434,nd
DL1PC9435,nd
DL1PC9436,nd
DL1PC9437,nd
DL1PC9438,nd
DL1PC9439,nd
DL1PC9440,nd
DL1PC9441,nd
DL1PC9442,nd
DL1PC9443,nd
DL1PC9444,nd
DL1PC9445,nd
DL1PC9446,nd
DL1PC9463,nd
DL1PC9464,nd
DL1PC9465,nd
DL1PC9466,nd
DL1PC9467,nd
DL1PC9468,nd
DL1PC9469,nd
DL1PC9470,nd
DL1PC9471,nd
DL1PC9472,nd
DL1PC9473,nd
DL1PC9474,nd
DL1PC9475,nd
DL1PC9476,nd
DL1PC9477,nd
DL1PC9478,nd
DL1PC9479,nd
DL1PC9480,nd
DL1PC9481,nd
DL1PC9507,nd
DL1PC9508,nd
DL1PC9509,nd
DL1PC9510,nd
DL1PC9511,nd
DL1PC9512,nd
DL1PC9513,nd
DL1PC9514,nd
DL1PC3076,nld
DL1PC3120,nld
DL1PC3125,nld
DL1PC3126,nld
DL1PC3127,nld
DL1PC3128,nld
DL1PC3129,nld
DL1PC3135,nld
DL1PC3136,nld
DL1PC3137,nld
DL1PC3138,nld
DL1PC3150,nld
DL1PC3161,nld
DL1PC3196,nld
DL1PC3199,nld
DL1PC3224,nld
DL1PC3231,nld
DL1PC3235,nld
DL1PC3246,nld
DL1PC3258,nld
DL1PC3259,nld
DL1PC3314,nld
DL1PC7513,nld
DL1PC7835,nld
DL1PC7836,nld
DL1PC7837,nld
DL1PC7838,nld
DL1PC7839,nld
DL1PC7840,nld
DL1PC7841,nld
DL1PC7971,nld
DL1PC7972,nld
DL1PC7973,nld
DL1PC7974,nld
DL1PC7975,nld
DL1PC7976,nld
DL1PC7985,nld
DL1PC7986,nld
DL1PC8152,nld
DL1PC8153,nld
DL1PC8169,nld
DL1PC8204,nld
DL1PC8209,nld
DL1PC8211,nld
DL1PC8287,nld
DL1PC8299,nld
DL1PC8300,nld
DL1PC8467,nld
DL1PC8494,nld
DL1PC8673,nld
DL1PC8674,nld
DL1PC8678,nld
DL1PC8679,nld
DL1PC8684,nld
DL1PC8689,nld
DL1PC8690,nld
DL1PC8693,nld
DL1PC8697,nld
DL1PC8698,nld
DL1PC8699,nld
DL1PC8700,nld
DL1PC8701,nld
DL1PC8703,nld
DL1PC8704,nld
DL1PC8721,nld
DL1PC8722,nld
DL1PC8723,nld
DL1PC8724,nld
DL1PC9598,nld
DL1PC9599,nld
DL1PC9600,nld
DL1PC9613,nld
DL1PC9614,nld
DL1PC9615,nld
DL1PC9616,nld
DL1PC9617,nld
DL1PC9619,nld
DL1PC9620,nld
DL1PC9621,nld
DL1PC9622,nld
DL1PC9623,nld
DL1PC9660,nld
DL1PC9670,nld
DL1PC9671,nld
DL1PC9672,nld
DL1PC9673,nld
DL1PC9674,nld
DL1PC9675,nld
DL1PC9676,nld
DL1PC9679,nld
DL1PC9743,nld
DL1PC9820,nld
DL1PC9835,nld
DL1PC9836,nld
DL1PC9886,nld
DL1PC9907,nld
DL1PC9912,nld
DL1PC9913,nld
DL1PC9928,nld
DL1PC9941,nld
DL1PC9942,nld
DL1PC9945,nld
DL1PC9948,nld
DL1PC9949,nld
DL1PC9987,nld
DL1PC9989,nld
DL1PC7368,nnd
DL1PC7415,nnd
DL1PC7416,nnd
DL1PC7417,nnd
DL1PC7418,nnd
DL1PC7419,nnd
DL1PC7420,nnd
DL1PC7421,nnd
DL1PC7424,nnd
DL1PC7425,nnd
DL1PC7452,nnd
DL1PC7455,nnd
DL1PC7456,nnd
DL1PC7458,nnd
DL1PC7460,nnd
DL1PC7461,nnd
DL1PC7480,nnd
DL1PC7484,nnd
DL1PC8236,nnd
DL1PC8240,nnd
DL1PC8260,nnd
DL1PC8262,nnd
DL1PC8263,nnd
DL1PC8264,nnd
DL1PC8274,nnd
DL1PC8360,nnd
DL1PC8361,nnd
DL1PC8362,nnd
DL1PC8363,nnd
DL1PC8364,nnd
DL1PC8365,nnd
DL1PC8366,nnd
DL1PC8367,nnd
DL1PC8368,nnd
DL1PC8369,nnd
DL1PC8370,nnd
DL1PC8371,nnd
DL1PC8372,nnd
DL1PC8373,nnd
DL1PC8374,nnd
DL1PC8375,nnd
DL1PC8376,nnd
DL1PC8377,nnd
DL1PC8378,nnd
DL1PC8379,nnd
DL1PC8380,nnd
DL1PC8381,nnd
DL1PC8382,nnd
DL1PC8384,nnd
DL1PC8385,nnd
DL1PC8386,nnd
DL1PC8387,nnd
DL1PC8388,nnd
DL1PC8389,nnd
DL1PC8390,nnd
DL1PC8391,nnd
DL1PC8392,nnd
DL1PC8393,nnd
DL1PC8398,nnd
DL1PC8399,nnd
DL1PC8400,nnd
DL1PC8401,nnd
DL1PC8402,nnd
DL1PC8403,nnd
DL1PC8404,nnd
DL1PC8405,nnd
DL1PC8406,nnd
DL1PC8407,nnd
DL1PC8408,nnd
DL1PC8409,nnd
DL1PC8410,nnd
DL1PC8411,nnd
DL1PC8412,nnd
DL1PC8413,nnd
DL1PC8432,nnd
DL1PC8433,nnd
DL1PC8434,nnd
DL1PC8435,nnd
DL1PC8436,nnd
DL1PC8437,nnd
DL1PC8438,nnd
DL1PC8439,nnd
DL1PC8440,nnd
DL1PC8441,nnd
DL1PC8442,nnd
DL1PC8443,nnd
DL1PC8444,nnd
DL1PC8445,nnd
DL1PC8446,nnd
DL1PC8447,nnd
DL1PC8448,nnd
DL1PC8449,nnd
DL1PC8450,nnd
DL1PC8451,nnd
DL1PC8891,nnd
DL1PC8892,nnd
DL1PC8893,nnd
DL1PC8894,nnd
DL1PC8895,nnd
DL1PC8896,nnd
DL1PC8897,nnd
DL1PC8898,nnd
DL1PC8899,nnd
DL1PC8900,nnd
DL1PC8901,nnd
DL1PC8902,nnd
DL1PC8903,nnd
DL1PC8904,nnd
DL1PC8905,nnd
DL1PC8906,nnd
DL1PC8907,nnd
DL1PC8908,nnd
DL1PC8909,nnd
DL1PC8910,nnd
DL1PC8971,nnd
DL1PC8972,nnd
DL1PC8973,nnd
DL1PC8974,nnd
DL1PC8975,nnd
DL1PC8976,nnd
DL1PC8977,nnd
DL1PC8978,nnd
DL1PC8979,nnd
DL1PC8980,nnd
DL1PC8981,nnd
DL1PC3069,noida
DL1PC3078,noida
DL1PC3083,noida
DL1PC3087,noida
DL1PC3119,noida
DL1PC3123,noida
DL1PC3130,noida
DL1PC3134,noida
DL1PC3139,noida
DL1PC3144,noida
DL1PC3148,noida
DL1PC3149,noida
DL1PC3151,noida
DL1PC3153,noida
DL1PC3154,noida
DL1PC3158,noida
DL1PC3160,noida
DL1PC3162,noida
DL1PC3168,noida
DL1PC3169,noida
DL1PC3170,noida
DL1PC3171,noida
DL1PC3178,noida
DL1PC3179,noida
DL1PC3180,noida
DL1PC3181,noida
DL1PC3182,noida
DL1PC3183,noida
DL1PC3193,noida
DL1PC3207,noida
DL1PC3212,noida
DL1PC3306,noida
DL1PC3308,noida
DL1PC3326,noida
DL1PC3327,noida
DL1PC3352,noida
DL1PC3373,noida
DL1PC3374,noida
DL1PC3393,noida
DL1PC3902,noida
DL1PC3905,noida
DL1PC3908,noida
DL1PC3910,noida
DL1PC7164,noida
DL1PC7169,noida
DL1PC7171,noida
DL1PC7176,noida
DL1PC7177,noida
DL1PC7178,noida
DL1PC7186,noida
DL1PC7189,noida
DL1PC7193,noida
DL1PC7195,noida
DL1PC7196,noida
DL1PC7208,noida
DL1PC7426,noida
DL1PC7427,noida
DL1PC7428,noida
DL1PC7431,noida
DL1PC7432,noida
DL1PC7433,noida
DL1PC7434,noida
DL1PC7437,noida
DL1PC7438,noida
DL1PC7440,noida
DL1PC7441,noida
DL1PC7442,noida
DL1PC7443,noida
DL1PC7444,noida
DL1PC7445,noida
DL1PC7446,noida
DL1PC7447,noida
DL1PC7490,noida
DL1PC7491,noida
DL1PC7492,noida
DL1PC7493,noida
DL1PC7494,noida
DL1PC7496,noida
DL1PC7497,noida
DL1PC7498,noida
DL1PC7499,noida
DL1PC7500,noida
DL1PC7502,noida
DL1PC7504,noida
DL1PC7505,noida
DL1PC7506,noida
DL1PC7507,noida
DL1PC7508,noida
DL1PC7509,noida
DL1PC7510,noida
DL1PC7512,noida
DL1PC7515,noida
DL1PC7516,noida
DL1PC7992,noida
DL1PC8001,noida
DL1PC8017,noida
DL1PC8019,noida
DL1PC8819,noida
DL1PC8919,noida
DL1PC9618,noida
DL1PC9669,noida
DL1PC9677,noida
DL1PC9678,noida
DL1PC9680,noida
DL1PC9721,noida
DL1PC9722,noida
DL1PC9723,noida
DL1PC9726,noida
DL1PC9734,noida
DL1PC9803,noida
DL1PC9819,noida
DL1PC9823,noida
DL1PC9831,noida
DL1PC9832,noida
DL1PC9839,noida
DL1PC9885,noida
DL1PC9899,noida
DL1PC9905,noida
DL1PC9916,noida
DL1PC9918,noida
DL1PC9935,noida
DL1PC9964,noida
DL1PC9992,noida
DL1PC9996,noida
DL1PB9760,nrld
DL1PB9761,nrld
DL1PB9762,nrld
DL1PB9763,nrld
DL1PB9764,nrld
DL1PB9765,nrld
DL1PB9766,nrld
DL1PB9767,nrld
DL1PB9768,nrld
DL1PB9769,nrld
DL1PB9838,nrld
DL1PB9839,nrld
DL1PB9840,nrld
DL1PB9842,nrld
DL1PB9849,nrld
DL1PB9932,nrld
DL1PB9934,nrld
DL1PB9939,nrld
DL1PB9940,nrld
DL1PB9958,nrld
DL1PB9980,nrld
DL1PB9981,nrld
DL1PB9992,nrld
DL1PB9994,nrld
DL1PB9995,nrld
DL1PB9996,nrld
DL1PC0034,nrld
DL1PC0035,nrld
DL1PC0039,nrld
DL1PC0040,nrld
DL1PC0042,nrld
DL1PC0043,nrld
DL1PC0046,nrld
DL1PC0048,nrld
DL1PC0052,nrld
DL1PC7821,nrld
DL1PC7822,nrld
DL1PC7826,nrld
DL1PC7828,nrld
DL1PC7865,nrld
DL1PC8010,nrld
DL1PC8012,nrld
DL1PC8016,nrld
DL1PC8278,nrld
DL1PC8453,nrld
DL1PC8455,nrld
DL1PC8458,nrld
DL1PC8459,nrld
DL1PC8498,nrld
DL1PC8499,nrld
DL1PC8501,nrld
DL1PC8502,nrld
DL1PC8503,nrld
DL1PC8506,nrld
DL1PC8545,nrld
DL1PC8546,nrld
DL1PC8547,nrld
DL1PC8548,nrld
DL1PC8549,nrld
DL1PC8550,nrld
DL1PC8551,nrld
DL1PC8552,nrld
DL1PC8623,nrld
DL1PC8624,nrld
DL1PC8625,nrld
DL1PC8628,nrld
DL1PC8629,nrld
DL1PC8630,nrld
DL1PC8632,nrld
DL1PC8633,nrld
DL1PC8634,nrld
DL1PC9223,nrld
DL1PC9224,nrld
DL1PC9225,nrld
DL1PC9226,nrld
DL1PC9227,nrld
DL1PC9228,nrld
DL1PC9229,nrld
DL1PC9230,nrld
DL1PC9231,nrld
DL1PC9232,nrld
DL1PC9233,nrld
DL1PC9234,nrld
DL1PC9235,nrld
DL1PC9236,nrld
DL1PC9237,nrld
DL1PC9238,nrld
DL1PC9239,nrld
DL1PC9240,nrld
DL1PC9241,nrld
DL1PC9242,nrld
DL1PC9755,nrld
DL1PC9760,nrld
DL1PC9761,nrld
DL1PC9764,nrld
DL1PC9773,nrld
DL1PC9775,nrld
DL1PC9778,nrld
DL1PC9780,nrld
DL1PC9788,nrld
DL1PC3064,pgd
DL1PC3065,pgd
DL1PC3071,pgd
DL1PC3156,pgd
DL1PC3164,pgd
DL1PC3177,pgd
DL1PC3192,pgd
DL1PC3194,pgd
DL1PC3229,pgd
DL1PC3232,pgd
DL1PC3238,pgd
DL1PC3251,pgd
DL1PC3257,pgd
DL1PC3260,pgd
DL1PC3267,pgd
DL1PC3309,pgd
DL1PC3313,pgd
DL1PC3903,pgd
DL1PC3906,pgd
DL1PC3913,pgd
DL1PC7159,pgd
DL1PC7161,pgd
DL1PC7162,pgd
DL1PC7163,pgd
DL1PC7165,pgd
DL1PC7166,pgd
DL1PC7167,pgd
DL1PC7168,pgd
DL1PC7172,pgd
DL1PC7174,pgd
DL1PC7175,pgd
DL1PC7179,pgd
DL1PC7180,pgd
DL1PC7181,pgd
DL1PC7182,pgd
DL1PC7183,pgd
DL1PC7184,pgd
DL1PC7185,pgd
DL1PC7187,pgd
DL1PC7188,pgd
DL1PC7190,pgd
DL1PC7191,pgd
DL1PC7192,pgd
DL1PC7194,pgd
DL1PC7517,pgd
DL1PC7518,pgd
DL1PC7519,pgd
DL1PC7520,pgd
DL1PC7522,pgd
DL1PC7523,pgd
DL1PC7524,pgd
DL1PC7525,pgd
DL1PC7526,pgd
DL1PC7527,pgd
DL1PC7528,pgd
DL1PC7529,pgd
DL1PC7530,pgd
DL1PC8301,pgd
DL1PC8302,pgd
DL1PC8303,pgd
DL1PC8304,pgd
DL1PC8305,pgd
DL1PC8306,pgd
DL1PC8308,pgd
DL1PC8309,pgd
DL1PC8310,pgd
DL1PC8311,pgd
DL1PC8312,pgd
DL1PC8313,pgd
DL1PC8314,pgd
DL1PC9724,pgd
DL1PC9725,pgd
DL1PC9805,pgd
DL1PC9824,pgd
DL1PC9825,pgd
DL1PC9829,pgd
DL1PC9842,pgd
DL1PC9872,pgd
DL1PC9881,pgd
DL1PC9903,pgd
DL1PC9908,pgd
DL1PC9930,pgd
DL1PC9950,pgd
DL1PC9953,pgd
DL1PC9957,pgd
DL1PC9973,pgd
DL1PC9976,pgd
DL1PC9984,pgd
DL1PC9993,pgd
DL1PC9997,pgd
DL1PC3070,rajghat-1
DL1PC3073,rajghat-1
DL1PC3074,rajghat-1
DL1PC3077,rajghat-1
DL1PC3079,rajghat-1
DL1PC3082,rajghat-1
DL1PC3084,rajghat-1
DL1PC3085,rajghat-1
DL1PC3086,rajghat-1
DL1PC3088,rajghat-1
DL1PC3089,rajghat-1
DL1PC3091,rajghat-1
DL1PC3092,rajghat-1
DL1PC3093,rajghat-1
DL1PC3094,rajghat-1
DL1PC3096,rajghat-1
DL1PC3097,rajghat-1
DL1PC3098,rajghat-1
DL1PC3101,rajghat-1
DL1PC3102,rajghat-1
DL1PC3103,rajghat-1
DL1PC3104,rajghat-1
DL1PC3105,rajghat-1
DL1PC3106,rajghat-1
DL1PC3109,rajghat-1
DL1PC3110,rajghat-1
DL1PC3114,rajghat-1
DL1PC3116,rajghat-1
DL1PC3117,rajghat-1
DL1PC3118,rajghat-1
DL1PC3121,rajghat-1
DL1PC3122,rajghat-1
DL1PC3124,rajghat-1
DL1PC3132,rajghat-1
DL1PC3145,rajghat-1
DL1PC3163,rajghat-1
DL1PC3172,rajghat-1
DL1PC3173,rajghat-1
DL1PC3174,rajghat-1
DL1PC3175,rajghat-1
DL1PC3176,rajghat-1
DL1PC3184,rajghat-1
DL1PC3185,rajghat-1
DL1PC3186,rajghat-1
DL1PC3188,rajghat-1
DL1PC3190,rajghat-1
DL1PC3197,rajghat-1
DL1PC3198,rajghat-1
DL1PC3200,rajghat-1
DL1PC3201,rajghat-1
DL1PC3202,rajghat-1
DL1PC3203,rajghat-1
DL1PC3214,rajghat-1
DL1PC3216,rajghat-1
DL1PC3217,rajghat-1
DL1PC3218,rajghat-1
DL1PC3233,rajghat-1
DL1PC3234,rajghat-1
DL1PC3253,rajghat-1
DL1PC3254,rajghat-1
DL1PC3256,rajghat-1
DL1PC3281,rajghat-1
DL1PC3304,rajghat-1
DL1PC3315,rajghat-1
DL1PC3329,rajghat-1
DL1PC3346,rajghat-1
DL1PC3347,rajghat-1
DL1PC3348,rajghat-1
DL1PC3349,rajghat-1
DL1PC3351,rajghat-1
DL1PC3353,rajghat-1
DL1PC3356,rajghat-1
DL1PC3357,rajghat-1
DL1PC3536,rajghat-1
DL1PC3538,rajghat-1
DL1PC3540,rajghat-1
DL1PC3572,rajghat-1
DL1PC3596,rajghat-1
DL1PC3904,rajghat-1
DL1PC7429,rajghat-1
DL1PC7495,rajghat-1
DL1PC7501,rajghat-1
DL1PC7511,rajghat-1
DL1PC7514,rajghat-1
DL1PC7882,rajghat-1
DL1PC7991,rajghat-1
DL1PC7993,rajghat-1
DL1PC7994,rajghat-1
DL1PC7995,rajghat-1
DL1PC7996,rajghat-1
DL1PC7997,rajghat-1
DL1PC7998,rajghat-1
DL1PC9601,rajghat-1
DL1PC9602,rajghat-1
DL1PC9604,rajghat-1
DL1PC9605,rajghat-1
DL1PC9606,rajghat-1
DL1PC9608,rajghat-1
DL1PC9609,rajghat-1
DL1PC9610,rajghat-1
DL1PC9682,rajghat-1
DL1PC9735,rajghat-1
DL1PC9739,rajghat-1
DL1PC9740,rajghat-1
DL1PC9806,rajghat-1
DL1PC9807,rajghat-1
DL1PC9821,rajghat-1
DL1PC9826,rajghat-1
DL1PC9827,rajghat-1
DL1PC9828,rajghat-1
DL1PC9830,rajghat-1
DL1PC9833,rajghat-1
DL1PC9834,rajghat-1
DL1PC9837,rajghat-1
DL1PC9840,rajghat-1
DL1PC9841,rajghat-1
DL1PC9843,rajghat-1
DL1PC9844,rajghat-1
DL1PC9845,rajghat-1
DL1PC9846,rajghat-1
DL1PC9871,rajghat-1
DL1PC9873,rajghat-1
DL1PC9874,rajghat-1
DL1PC9875,rajghat-1
DL1PC9876,rajghat-1
DL1PC9880,rajghat-1
DL1PC9882,rajghat-1
DL1PC9883,rajghat-1
DL1PC9884,rajghat-1
DL1PC9887,rajghat-1
DL1PC9888,rajghat-1
DL1PC9889,rajghat-1
DL1PC9890,rajghat-1
DL1PC9894,rajghat-1
DL1PC9895,rajghat-1
DL1PC9896,rajghat-1
DL1PC9897,rajghat-1
DL1PC9914,rajghat-1
DL1PC9915,rajghat-1
DL1PC9946,rajghat-1
DL1PC9947,rajghat-1
DL1PC9962,rajghat-1
DL1PC9963,rajghat-1
DL1PC9971,rajghat-1
DL1PC9985,rajghat-1
DL1PC0464,rhd-i
DL1PC0465,rhd-i
DL1PC0474,rhd-i
DL1PC0475,rhd-i
DL1PC0503,rhd-i
DL1PC0504,rhd-i
DL1PC0505,rhd-i
DL1PC1239,rhd-i
DL1PC1240,rhd-i
DL1PC1242,rhd-i
DL1PC1243,rhd-i
DL1PC1244,rhd-i
DL1PC1245,rhd-i
DL1PC1249,rhd-i
DL1PC1253,rhd-i
DL1PC1269,rhd-i
DL1PC1270,rhd-i
DL1PC1272,rhd-i
DL1PC1279,rhd-i
DL1PC1280,rhd-i
DL1PC1287,rhd-i
DL1PC1289,rhd-i
DL1PC1292,rhd-i
DL1PC1293,rhd-i
DL1PC1294,rhd-i
DL1PC1295,rhd-i
DL1PC1296,rhd-i
DL1PC1306,rhd-i
DL1PC1309,rhd-i
DL1PC1310,rhd-i
DL1PC1311,rhd-i
DL1PC1319,rhd-i
DL1PC1321,rhd-i
DL1PC1322,rhd-i
DL1PC1325,rhd-i
DL1PC1326,rhd-i
DL1PC1334,rhd-i
DL1PC1336,rhd-i
DL1PC1341,rhd-i
DL1PC1342,rhd-i
DL1PC1343,rhd-i
DL1PC1344,rhd-i
DL1PC1345,rhd-i
DL1PC1346,rhd-i
DL1PC1347,rhd-i
DL1PC1348,rhd-i
DL1PC1349,rhd-i
DL1PC1350,rhd-i
DL1PC1361,rhd-i
DL1PC1362,rhd-i
DL1PC1363,rhd-i
DL1PC1373,rhd-i
DL1PC1374,rhd-i
DL1PC1376,rhd-i
DL1PC1386,rhd-i
DL1PC1391,rhd-i
DL1PC1393,rhd-i
DL1PC1394,rhd-i
DL1PC1395,rhd-i
DL1PC1396,rhd-i
DL1PC1398,rhd-i
DL1PC1408,rhd-i
DL1PC1410,rhd-i
DL1PC1416,rhd-i
DL1PC1418,rhd-i
DL1PC1419,rhd-i
DL1PC1420,rhd-i
DL1PC1423,rhd-i
DL1PC1424,rhd-i
DL1PC1427,rhd-i
DL1PC1428,rhd-i
DL1PC1430,rhd-i
DL1PC1431,rhd-i
DL1PC1432,rhd-i
DL1PC1439,rhd-i
DL1PC1440,rhd-i
DL1PC1441,rhd-i
DL1PC1442,rhd-i
DL1PC1443,rhd-i
DL1PC1446,rhd-i
DL1PC1447,rhd-i
DL1PC1448,rhd-i
DL1PC1567,rhd-i
DL1PC1568,rhd-i
DL1PC1570,rhd-i
DL1PC1592,rhd-i
DL1PC1594,rhd-i
DL1PC1607,rhd-i
DL1PC1639,rhd-i
DL1PC1648,rhd-i
DL1PB9903,rhd-ii
DL1PB9904,rhd-ii
DL1PB9905,rhd-ii
DL1PB9914,rhd-ii
DL1PB9916,rhd-ii
DL1PB9919,rhd-ii
DL1PB9922,rhd-ii
DL1PB9925,rhd-ii
DL1PB9929,rhd-ii
DL1PB9930,rhd-ii
DL1PC9116,rhd-ii
DL1PC9117,rhd-ii
DL1PC9118,rhd-ii
DL1PC9119,rhd-ii
DL1PC9120,rhd-ii
DL1PC9121,rhd-ii
DL1PC9122,rhd-ii
DL1PC9123,rhd-ii
DL1PC9124,rhd-ii
DL1PC9125,rhd-ii
DL1PC9126,rhd-ii
DL1PC9127,rhd-ii
DL1PC9128,rhd-ii
DL1PC9130,rhd-ii
DL1PC9131,rhd-ii
DL1PC9132,rhd-ii
DL1PC9133,rhd-ii
DL1PC9134,rhd-ii
DL1PC9135,rhd-ii
DL1PC9136,rhd-ii
DL1PC9137,rhd-ii
DL1PC9138,rhd-ii
DL1PC9139,rhd-ii
DL1PC9140,rhd-ii
DL1PC9141,rhd-ii
DL1PC9142,rhd-ii
DL1PC9143,rhd-ii
DL1PC9144,rhd-ii
DL1PC9145,rhd-ii
DL1PC9146,rhd-ii
DL1PC9147,rhd-ii
DL1PC9148,rhd-ii
DL1PC9149,rhd-ii
DL1PC9150,rhd-ii
DL1PC9151,rhd-ii
DL1PC9152,rhd-ii
DL1PC9153,rhd-ii
DL1PC9154,rhd-ii
DL1PC9155,rhd-ii
DL1PC9156,rhd-ii
DL1PC9157,rhd-ii
DL1PC9158,rhd-ii
DL1PC9159,rhd-ii
DL1PC9160,rhd-ii
DL1PC9161,rhd-ii
DL1PC9162,rhd-ii
DL1PC9163,rhd-ii
DL1PC9164,rhd-ii
DL1PC9165,rhd-ii
DL1PC9166,rhd-ii
DL1PC9646,rhd-ii
DL1PC9648,rhd-ii
DL1PC9649,rhd-ii
DL1PC9650,rhd-ii
DL1PC9653,rhd-ii
DL1PC9654,rhd-ii
DL1PC9655,rhd-ii
DL1PC9656,rhd-ii
DL1PC9657,rhd-ii
DL1PC9683,rhd-ii
DL1PC9684,rhd-ii
DL1PC9685,rhd-ii
DL1PC9686,rhd-ii
DL1PC9688,rhd-ii
DL1PC9689,rhd-ii
DL1PC9690,rhd-ii
DL1PC9694,rhd-ii
DL1PC9697,rhd-ii
DL1PC9699,rhd-ii
DL1PC9700,rhd-ii
DL1PC9701,rhd-ii
DL1PC9702,rhd-ii
DL1PC9703,rhd-ii
DL1PC9704,rhd-ii
DL1PC9705,rhd-ii
DL1PC9708,rhd-ii
DL1PC9709,rhd-ii
DL1PC9717,rhd-ii
DL1PC9718,rhd-ii
DL1PC9774,rhd-ii
DL1PC3225,rhd-iii
DL1PC3226,rhd-iii
DL1PC3227,rhd-iii
DL1PC3230,rhd-iii
DL1PC3252,rhd-iii
DL1PC7617,rhd-iii
DL1PC7883,rhd-iii
DL1PC7884,rhd-iii
DL1PC7885,rhd-iii
DL1PC7886,rhd-iii
DL1PC7887,rhd-iii
DL1PC7888,rhd-iii
DL1PC7889,rhd-iii
DL1PC7890,rhd-iii
DL1PC7944,rhd-iii
DL1PC7945,rhd-iii
DL1PC7989,rhd-iii
DL1PC7990,rhd-iii
DL1PC8154,rhd-iii
DL1PC8155,rhd-iii
DL1PC8156,rhd-iii
DL1PC8201,rhd-iii
DL1PC8207,rhd-iii
DL1PC8213,rhd-iii
DL1PC8215,rhd-iii
DL1PC8217,rhd-iii
DL1PC8218,rhd-iii
DL1PC8219,rhd-iii
DL1PC8220,rhd-iii
DL1PC8221,rhd-iii
DL1PC8223,rhd-iii
DL1PC8288,rhd-iii
DL1PC8307,rhd-iii
DL1PC8421,rhd-iii
DL1PC8427,rhd-iii
DL1PC8430,rhd-iii
DL1PC8462,rhd-iii
DL1PC8464,rhd-iii
DL1PC8472,rhd-iii
DL1PC8479,rhd-iii
DL1PC8480,rhd-iii
DL1PC8483,rhd-iii
DL1PC8485,rhd-iii
DL1PC8486,rhd-iii
DL1PC8487,rhd-iii
DL1PC8488,rhd-iii
DL1PC8489,rhd-iii
DL1PC8490,rhd-iii
DL1PC8491,rhd-iii
DL1PC8492,rhd-iii
DL1PC8493,rhd-iii
DL1PC8495,rhd-iii
DL1PC8496,rhd-iii
DL1PC8526,rhd-iii
DL1PC8528,rhd-iii
DL1PC8529,rhd-iii
DL1PC8530,rhd-iii
DL1PC8531,rhd-iii
DL1PC8532,rhd-iii
DL1PC8533,rhd-iii
DL1PC8534,rhd-iii
DL1PC8535,rhd-iii
DL1PC8536,rhd-iii
DL1PC8537,rhd-iii
DL1PC8538,rhd-iii
DL1PC8539,rhd-iii
DL1PC8557,rhd-iii
DL1PC8558,rhd-iii
DL1PC8559,rhd-iii
DL1PC8610,rhd-iii
DL1PC8611,rhd-iii
DL1PC8612,rhd-iii
DL1PC8613,rhd-iii
DL1PC8614,rhd-iii
DL1PC8615,rhd-iii
DL1PC8616,rhd-iii
DL1PC8617,rhd-iii
DL1PC8618,rhd-iii
DL1PC8619,rhd-iii
DL1PC8620,rhd-iii
DL1PC8638,rhd-iii
DL1PC8639,rhd-iii
DL1PC8640,rhd-iii
DL1PC8682,rhd-iii
DL1PC8685,rhd-iii
DL1PC8688,rhd-iii
DL1PC8691,rhd-iii
DL1PC8709,rhd-iii
DL1PC8713,rhd-iii
DL1PC8714,rhd-iii
DL1PC8715,rhd-iii
DL1PC8716,rhd-iii
DL1PC8718,rhd-iii
DL1PC8719,rhd-iii
DL1PC8726,rhd-iii
DL1PC8728,rhd-iii
DL1PC8729,rhd-iii
DL1PC8733,rhd-iii
DL1PC8825,rhd-iii
DL1PC9591,rhd-iii
DL1PC9592,rhd-iii
DL1PC9593,rhd-iii
DL1PC9594,rhd-iii
DL1PC9597,rhd-iii
DL1PC9727,rhd-iii
DL1PC9729,rhd-iii
DL1PC9731,rhd-iii
DL1PC9732,rhd-iii
DL1PC9733,rhd-iii
DL1PC9736,rhd-iii
DL1PC9737,rhd-iii
DL1PC9741,rhd-iii
DL1PC9742,rhd-iii
DL1PC9744,rhd-iii
DL1PC9857,rhd-iii
DL1PC9858,rhd-iii
DL1PC9859,rhd-iii
DL1PC9860,rhd-iii
DL1PC9861,rhd-iii
DL1PC9862,rhd-iii
DL1PC9864,rhd-iii
DL1PC9865,rhd-iii
DL1PC9866,rhd-iii
DL1PC9867,rhd-iii
DL1PC9869,rhd-iii
DL1PC9870,rhd-iii
DL1PC9938,rhd-iii
DL1PC9939,rhd-iii
DL1PC9943,rhd-iii
DL1PC9952,rhd-iii
DL1PC9972,rhd-iii
DL1PC3204,rhd-iv
DL1PC3325,rhd-iv
DL1PC3328,rhd-iv
DL1PC7439,rhd-iv
DL1PC7521,rhd-iv
DL1PC7833,rhd-iv
DL1PC7834,rhd-iv
DL1PC7842,rhd-iv
DL1PC7843,rhd-iv
DL1PC7844,rhd-iv
DL1PC7845,rhd-iv
DL1PC7874,rhd-iv
DL1PC7875,rhd-iv
DL1PC7876,rhd-iv
DL1PC7879,rhd-iv
DL1PC7880,rhd-iv
DL1PC7881,rhd-iv
DL1PC7951,rhd-iv
DL1PC7952,rhd-iv
DL1PC7953,rhd-iv
DL1PC7954,rhd-iv
DL1PC7955,rhd-iv
DL1PC7956,rhd-iv
DL1PC7987,rhd-iv
DL1PC7988,rhd-iv
DL1PC8326,rhd-iv
DL1PC8418,rhd-iv
DL1PC8419,rhd-iv
DL1PC8420,rhd-iv
DL1PC8422,rhd-iv
DL1PC8423,rhd-iv
DL1PC8424,rhd-iv
DL1PC8425,rhd-iv
DL1PC8426,rhd-iv
DL1PC8428,rhd-iv
DL1PC8431,rhd-iv
DL1PC8460,rhd-iv
DL1PC8461,rhd-iv
DL1PC8463,rhd-iv
DL1PC8465,rhd-iv
DL1PC8466,rhd-iv
DL1PC8468,rhd-iv
DL1PC8469,rhd-iv
DL1PC8470,rhd-iv
DL1PC8471,rhd-iv
DL1PC8473,rhd-iv
DL1PC8474,rhd-iv
DL1PC8475,rhd-iv
DL1PC8476,rhd-iv
DL1PC8477,rhd-iv
DL1PC8478,rhd-iv
DL1PC8524,rhd-iv
DL1PC8525,rhd-iv
DL1PC8527,rhd-iv
DL1PC8708,rhd-iv
DL1PC8711,rhd-iv
DL1PC8798,rhd-iv
DL1PC8801,rhd-iv
DL1PC8805,rhd-iv
DL1PC8806,rhd-iv
DL1PC8807,rhd-iv
DL1PC8808,rhd-iv
DL1PC8809,rhd-iv
DL1PC8810,rhd-iv
DL1PC8811,rhd-iv
DL1PC8812,rhd-iv
DL1PC8813,rhd-iv
DL1PC8815,rhd-iv
DL1PC8816,rhd-iv
DL1PC8817,rhd-iv
DL1PC8818,rhd-iv
DL1PC8820,rhd-iv
DL1PC8821,rhd-iv
DL1PC8822,rhd-iv
DL1PC8823,rhd-iv
DL1PC8920,rhd-iv
DL1PC8921,rhd-iv
DL1PC9482,rhd-iv
DL1PC9483,rhd-iv
DL1PC9484,rhd-iv
DL1PC9485,rhd-iv
DL1PC9486,rhd-iv
DL1PC9487,rhd-iv
DL1PC9488,rhd-iv
DL1PC9489,rhd-iv
DL1PC9490,rhd-iv
DL1PC9491,rhd-iv
DL1PC9493,rhd-iv
DL1PC9496,rhd-iv
DL1PC9497,rhd-iv
DL1PC9498,rhd-iv
DL1PC9499,rhd-iv
DL1PC9578,rhd-iv
DL1PC9580,rhd-iv
DL1PC9581,rhd-iv
DL1PC9582,rhd-iv
DL1PC9583,rhd-iv
DL1PC9585,rhd-iv
DL1PC9586,rhd-iv
DL1PC9587,rhd-iv
DL1PC9588,rhd-iv
DL1PC9589,rhd-iv
DL1PC9590,rhd-iv
DL1PC9611,rhd-iv
DL1PC9612,rhd-iv
DL1PC9666,rhd-iv
DL1PC9804,rhd-iv
DL1PC9810,rhd-iv
DL1PC9811,rhd-iv
DL1PC9812,rhd-iv
DL1PC9814,rhd-iv
DL1PC9815,rhd-iv
DL1PC9817,rhd-iv
DL1PC9818,rhd-iv
DL1PC9822,rhd-iv
DL1PC9838,rhd-iv
DL1PC9877,rhd-iv
DL1PC9917,rhd-iv
DL1PC9924,rhd-iv
DL1PC9925,rhd-iv
DL1PC0062,sbpl
DL1PC0065,sbpl
DL1PC0068,sbpl
DL1PC0071,sbpl
DL1PC0072,sbpl
DL1PC0113,sbpl
DL1PC0114,sbpl
DL1PC0117,sbpl
DL1PC0124,sbpl
DL1PC0125,sbpl
DL1PC0126,sbpl
DL1PC0127,sbpl
DL1PC0128,sbpl
DL1PC0129,sbpl
DL1PC0132,sbpl
DL1PC0135,sbpl
DL1PC0138,sbpl
DL1PC0158,sbpl
DL1PC0168,sbpl
DL1PC0187,sbpl
DL1PC0189,sbpl
DL1PC0190,sbpl
DL1PC0195,sbpl
DL1PC0196,sbpl
DL1PC0198,sbpl
DL1PC0203,sbpl
DL1PC0205,sbpl
DL1PC0208,sbpl
DL1PC0347,sbpl
DL1PC0348,sbpl
DL1PC0349,sbpl
DL1PC0350,sbpl
DL1PC0359,sbpl
DL1PC0360,sbpl
DL1PC0386,sbpl
DL1PC0387,sbpl
DL1PC0389,sbpl
DL1PC0424,sbpl
DL1PC0476,sbpl
DL1PC0502,sbpl
DL1PC0552,sbpl
DL1PC0557,sbpl
DL1PC1307,sbpl
DL1PC1389,sbpl
DL1PC1392,sbpl
DL1PC1399,sbpl
DL1PC1409,sbpl
DL1PC1415,sbpl
DL1PC1437,sbpl
DL1PC1571,sbpl
DL1PC7462,sbpl
DL1PC7463,sbpl
DL1PC7464,sbpl
DL1PC7465,sbpl
DL1PC7487,sbpl
DL1PC7622,sbpl
DL1PC7626,sbpl
DL1PC7635,sbpl
DL1PC7641,sbpl
DL1PC7662,sbpl
DL1PC7663,sbpl
DL1PC7667,sbpl
DL1PC7695,sbpl
DL1PC7698,sbpl
DL1PC7736,sbpl
DL1PC7815,sbpl
DL1PC7817,sbpl
DL1PC7827,sbpl
DL1PC7847,sbpl
DL1PC7848,sbpl
DL1PC7849,sbpl
DL1PC7855,sbpl
DL1PC7856,sbpl
DL1PC7858,sbpl
DL1PC7860,sbpl
DL1PC7861,sbpl
DL1PC7864,sbpl
DL1PC7867,sbpl
DL1PC7868,sbpl
DL1PC8011,sbpl
DL1PC8013,sbpl
DL1PC8014,sbpl
DL1PC8015,sbpl
DL1PC8454,sbpl
DL1PC8457,sbpl
DL1PC8497,sbpl
DL1PC8626,sbpl
DL1PC8627,sbpl
DL1PC8635,sbpl
DL1PC8636,sbpl
DL1PC8641,sbpl
DL1PC8642,sbpl
DL1PC8643,sbpl
DL1PC8644,sbpl
DL1PC8645,sbpl
DL1PC8647,sbpl
DL1PC8648,sbpl
DL1PC8649,sbpl
DL1PC8650,sbpl
DL1PC8651,sbpl
DL1PC8652,sbpl
DL1PC8653,sbpl
DL1PC8654,sbpl
DL1PC8655,sbpl
DL1PC9647,sbpl
DL1PC9651,sbpl
DL1PC9652,sbpl
DL1PC9687,sbpl
DL1PC9691,sbpl
DL1PC9692,sbpl
DL1PC9693,sbpl
DL1PC9695,sbpl
DL1PC9706,sbpl
DL1PC9707,sbpl
DL1PC9749,sbpl
DL1PC9750,sbpl
DL1PC9751,sbpl
DL1PC9753,sbpl
DL1PC9762,sbpl
DL1PC9763,sbpl
DL1PC9765,sbpl
DL1PC9766,sbpl
DL1PC9769,sbpl
DL1PC9782,sbpl
DL1PC9789,sbpl
DL1PC7104,snd
DL1PC7105,snd
DL1PC7106,snd
DL1PC7119,snd
DL1PC7120,snd
DL1PC7121,snd
DL1PC7122,snd
DL1PC7132,snd
DL1PC7312,snd
DL1PC7313,snd
DL1PC7316,snd
DL1PC7317,snd
DL1PC7318,snd
DL1PC7472,snd
DL1PC7473,snd
DL1PC7475,snd
DL1PC7476,snd
DL1PC7477,snd
DL1PC7873,snd
DL1PC7977,snd
DL1PC8241,snd
DL1PC8247,snd
DL1PC8248,snd
DL1PC8249,snd
DL1PC8251,snd
DL1PC8252,snd
DL1PC8554,snd
DL1PC8561,snd
DL1PC8564,snd
DL1PC8574,snd
DL1PC8584,snd
DL1PC8592,snd
DL1PC8595,snd
DL1PC8596,snd
DL1PC8598,snd
DL1PC8600,snd
DL1PC8607,snd
DL1PC8608,snd
DL1PC8622,snd
DL1PC8829,snd
DL1PC9383,snd
DL1PC9384,snd
DL1PC9385,snd
DL1PC9386,snd
DL1PC9387,snd
DL1PC9388,snd
DL1PC9389,snd
DL1PC9390,snd
DL1PC9391,snd
DL1PC9392,snd
DL1PC9394,snd
DL1PC9395,snd
DL1PC9396,snd
DL1PC9397,snd
DL1PC9398,snd
DL1PC9400,snd
DL1PC9401,snd
DL1PC9402,snd
DL1PC9403,snd
DL1PC9404,snd
DL1PC9406,snd
DL1PC9415,snd
DL1PC9416,snd
DL1PC9417,snd
DL1PC9418,snd
DL1PC9419,snd
DL1PC9420,snd
DL1PC9421,snd
DL1PC9422,snd
DL1PC9423,snd
DL1PC9424,snd
DL1PC9425,snd
DL1PC9426,snd
DL1PC9427,snd
DL1PC9428,snd
DL1PC9429,snd
DL1PC9430,snd
DL1PC9431,snd
DL1PC9432,snd
DL1PC9447,snd
DL1PC9448,snd
DL1PC9449,snd
DL1PC9450,snd
DL1PC9451,snd
DL1PC9452,snd
DL1PC9453,snd
DL1PC9455,snd
DL1PC9456,snd
DL1PC9457,snd
DL1PC9458,snd
DL1PC9459,snd
DL1PC9460,snd
DL1PC9461,snd
DL1PC9462,snd
DL1PC9492,snd
DL1PC9502,snd
DL1PC9503,snd
DL1PC9504,snd
DL1PC9505,snd
DL1PC9506,snd
DL1PC9167,snpd
DL1PC9168,snpd
DL1PC9169,snpd
DL1PC9170,snpd
DL1PC9171,snpd
DL1PC9172,snpd
DL1PC9173,snpd
DL1PC9174,snpd
DL1PC9175,snpd
DL1PC9176,snpd
DL1PC9177,snpd
DL1PC9178,snpd
DL1PC9179,snpd
DL1PC9180,snpd
DL1PC9182,snpd
DL1PC9183,snpd
DL1PC9184,snpd
DL1PC9185,snpd
DL1PC9186,snpd
DL1PC9187,snpd
DL1PC9188,snpd
DL1PC9189,snpd
DL1PC9190,snpd
DL1PC9195,snpd
DL1PC9196,snpd
DL1PC9197,snpd
DL1PC9198,snpd
DL1PC9199,snpd
DL1PC9200,snpd
DL1PC9201,snpd
DL1PC9202,snpd
DL1PC9203,snpd
DL1PC9204,snpd
DL1PC9205,snpd
DL1PC9206,snpd
DL1PC9207,snpd
DL1PC9208,snpd
DL1PC9209,snpd
DL1PC9210,snpd
DL1PC9211,snpd
DL1PC9213,snpd
DL1PC9214,snpd
DL1PC9215,snpd
DL1PC9216,snpd
DL1PC9217,snpd
DL1PC9218,snpd
DL1PC9219,snpd
DL1PC9220,snpd
DL1PC9221,snpd
DL1PC9222,snpd
DL1PC9300,snpd
DL1PC9301,snpd
DL1PC9302,snpd
DL1PC9303,snpd
DL1PC9305,snpd
DL1PC9306,snpd
DL1PC9307,snpd
DL1PC9309,snpd
DL1PC9310,snpd
DL1PC9311,snpd
DL1PC9312,snpd
DL1PC9313,snpd
DL1PC9315,snpd
DL1PC9316,snpd
DL1PC9317,snpd
DL1PC9319,snpd
DL1PC9320,snpd
DL1PC9330,snpd
DL1PC9334,snpd
DL1PC9338,snpd
DL1PC9710,snpd
DL1PC9711,snpd
DL1PC9712,snpd
DL1PC9713,snpd
DL1PC9714,snpd
DL1PC9715,snpd
DL1PC9716,snpd
DL1PC9719,snpd
DL1PC9720,snpd
DL1PC9752,snpd
DL1PC9756,snpd
DL1PC9757,snpd
DL1PC9758,snpd
DL1PC9759,snpd
DL1PC9767,snpd
DL1PC9768,snpd
DL1PC9770,snpd
DL1PC9771,snpd
DL1PC9772,snpd
DL1PC9776,snpd
DL1PC9777,snpd
DL1PC9779,snpd
DL1PC9781,snpd
DL1PC9783,snpd
DL1PC9784,snpd
DL1PC9785,snpd
DL1PC9786,snpd
DL1PC9787,snpd
DL1PC9802,snpd
DL1PC9879,snpd
DL1PC3061,spd
DL1PC3063,spd
DL1PC3066,spd
DL1PC3067,spd
DL1PC3068,spd
DL1PC3075,spd
DL1PC3080,spd
DL1PC3081,spd
DL1PC3142,spd
DL1PC3143,spd
DL1PC3146,spd
DL1PC3152,spd
DL1PC3157,spd
DL1PC3159,spd
DL1PC3236,spd
DL1PC3303,spd
DL1PC3307,spd
DL1PC3312,spd
DL1PC3316,spd
DL1PC3350,spd
DL1PC3376,spd
DL1PC7877,spd
DL1PC7946,spd
DL1PC7947,spd
DL1PC7948,spd
DL1PC7949,spd
DL1PC7950,spd
DL1PC7957,spd
DL1PC7958,spd
DL1PC7959,spd
DL1PC7960,spd
DL1PC7961,spd
DL1PC7962,spd
DL1PC7963,spd
DL1PC7964,spd
DL1PC7965,spd
DL1PC7966,spd
DL1PC7967,spd
DL1PC7968,spd
DL1PC7969,spd
DL1PC7970,spd
DL1PC7984,spd
DL1PC7999,spd
DL1PC8018,spd
DL1PC8020,spd
DL1PC8021,spd
DL1PC8022,spd
DL1PC8023,spd
DL1PC8024,spd
DL1PC8026,spd
DL1PC8027,spd
DL1PC8028,spd
DL1PC8029,spd
DL1PC8030,spd
DL1PC8031,spd
DL1PC8040,spd
DL1PC8041,spd
DL1PC8042,spd
DL1PC8043,spd
DL1PC8044,spd
DL1PC8045,spd
DL1PC8046,spd
DL1PC8047,spd
DL1PC8048,spd
DL1PC8049,spd
DL1PC8050,spd
DL1PC8051,spd
DL1PC8052,spd
DL1PC8053,spd
DL1PC8054,spd
DL1PC8056,spd
DL1PC8057,spd
DL1PC8059,spd
DL1PC8060,spd
DL1PC8061,spd
DL1PC8062,spd
DL1PC8063,spd
DL1PC8065,spd
DL1PC8085,spd
DL1PC8117,spd
DL1PC8119,spd
DL1PC8120,spd
DL1PC8142,spd
DL1PC8143,spd
DL1PC8144,spd
DL1PC8145,spd
DL1PC8146,spd
DL1PC8147,spd
DL1PC8148,spd
DL1PC8149,spd
DL1PC8150,spd
DL1PC8151,spd
DL1PC8672,spd
DL1PC8675,spd
DL1PC8676,spd
DL1PC8677,spd
DL1PC8680,spd
DL1PC8681,spd
DL1PC8692,spd
DL1PC8694,spd
DL1PC8695,spd
DL1PC8696,spd
DL1PC8705,spd
DL1PC8706,spd
DL1PC8720,spd
DL1PC9557,spd
DL1PC9577,spd
DL1PC9579,spd
DL1PC9584,spd
DL1PC9603,spd
DL1PC9659,spd
DL1PC9665,spd
DL1PC9728,spd
DL1PC9738,spd
DL1PC9863,spd
DL1PC9868,spd
DL1PC9902,spd
DL1PC9904,spd
DL1PC9906,spd
DL1PC9926,spd
DL1PC9927,spd
DL1PC9929,spd
DL1PC9932,spd
DL1PC9934,spd
DL1PC9936,spd
DL1PC9937,spd
DL1PC0684,svd
DL1PC0685,svd
DL1PC0686,svd
DL1PC0687,svd
DL1PC0689,svd
DL1PC0690,svd
DL1PC0691,svd
DL1PC0692,svd
DL1PC0830,svd
DL1PC0831,svd
DL1PC0832,svd
DL1PC0858,svd
DL1PC0859,svd
DL1PC0911,svd
DL1PC0912,svd
DL1PC0929,svd
DL1PC0930,svd
DL1PC0931,svd
DL1PC0933,svd
DL1PC0943,svd
DL1PC0944,svd
DL1PC0945,svd
DL1PC0950,svd
DL1PC0967,svd
DL1PC0969,svd
DL1PC7220,svd
DL1PC7237,svd
DL1PC7238,svd
DL1PC7281,svd
DL1PC7287,svd
DL1PC7327,svd
DL1PC7331,svd
DL1PC7334,svd
DL1PC7360,svd
DL1PC7377,svd
DL1PC7390,svd
DL1PC7409,svd
DL1PC7412,svd
DL1PC7469,svd
DL1PC7478,svd
DL1PC7479,svd
DL1PC7531,svd
DL1PC7532,svd
DL1PC7533,svd
DL1PC7534,svd
DL1PC7535,svd
DL1PC7536,svd
DL1PC7537,svd
DL1PC7538,svd
DL1PC7539,svd
DL1PC7540,svd
DL1PC7541,svd
DL1PC7542,svd
DL1PC7543,svd
DL1PC7544,svd
DL1PC7545,svd
DL1PC7546,svd
DL1PC7547,svd
DL1PC7548,svd
DL1PC7551,svd
DL1PC7556,svd
DL1PC7562,svd
DL1PC7572,svd
DL1PC7655,svd
DL1PC7656,svd
DL1PC7658,svd
DL1PC7675,svd
DL1PC7679,svd
DL1PC7681,svd
DL1PC7682,svd
DL1PC7683,svd
DL1PC7684,svd
DL1PC7685,svd
DL1PC7688,svd
DL1PC7693,svd
DL1PC7913,svd
DL1PC7914,svd
DL1PC7915,svd
DL1PC7916,svd
DL1PC7917,svd
DL1PC7918,svd
DL1PC7919,svd
DL1PC7920,svd
DL1PC7922,svd
DL1PC7923,svd
DL1PC7925,svd
DL1PC7926,svd
DL1PC7927,svd
DL1PC7928,svd
DL1PC7929,svd
DL1PC7930,svd
DL1PC7931,svd
DL1PC7932,svd
DL1PC7933,svd
DL1PC7935,svd
DL1PC7936,svd
DL1PC7939,svd
DL1PC7940,svd
DL1PC7941,svd
DL1PC7979,svd
DL1PC8002,svd
DL1PC8003,svd
DL1PC8004,svd
DL1PC8005,svd
DL1PC8006,svd
DL1PC9275,svd
DL1PC7099,tkd
DL1PC7118,tkd
DL1PC7314,tkd
DL1PC7315,tkd
DL1PC7549,tkd
DL1PC7550,tkd
DL1PC7552,tkd
DL1PC7553,tkd
DL1PC7554,tkd
DL1PC7557,tkd
DL1PC7558,tkd
DL1PC7559,tkd
DL1PC7560,tkd
DL1PC7561,tkd
DL1PC7574,tkd
DL1PC7576,tkd
DL1PC7577,tkd
DL1PC7583,tkd
DL1PC7585,tkd
DL1PC7586,tkd
DL1PC7587,tkd
DL1PC7589,tkd
DL1PC7590,tkd
DL1PC7591,tkd
DL1PC7592,tkd
DL1PC7596,tkd
DL1PC7597,tkd
DL1PC7598,tkd
DL1PC7599,tkd
DL1PC7600,tkd
DL1PC7602,tkd
DL1PC7603,tkd
DL1PC7604,tkd
DL1PC7606,tkd
DL1PC7607,tkd
DL1PC7608,tkd
DL1PC7609,tkd
DL1PC7611,tkd
DL1PC7612,tkd
DL1PC7613,tkd
DL1PC7614,tkd
DL1PC7620,tkd
DL1PC7627,tkd
DL1PC7634,tkd
DL1PC7737,tkd
DL1PC7738,tkd
DL1PC7739,tkd
DL1PC7740,tkd
DL1PC7741,tkd
DL1PC7759,tkd
DL1PC7760,tkd
DL1PC7761,tkd
DL1PC7762,tkd
DL1PC7763,tkd
DL1PC7764,tkd
DL1PC7766,tkd
DL1PC7767,tkd
DL1PC7768,tkd
DL1PC7769,tkd
DL1PC7770,tkd
DL1PC7771,tkd
DL1PC7772,tkd
DL1PC7773,tkd
DL1PC7774,tkd
DL1PC7775,tkd
DL1PC7776,tkd
DL1PC7781,tkd
DL1PC7782,tkd
DL1PC7783,tkd
DL1PC7784,tkd
DL1PC7785,tkd
DL1PC7786,tkd
DL1PC7787,tkd
DL1PC7788,tkd
DL1PC7789,tkd
DL1PC7790,tkd
DL1PC7791,tkd
DL1PC7792,tkd
DL1PC7793,tkd
DL1PC7794,tkd
DL1PC7795,tkd
DL1PC7796,tkd
DL1PC7797,tkd
DL1PC7799,tkd
DL1PC7800,tkd
DL1PC7801,tkd
DL1PC7802,tkd
DL1PC7810,tkd
DL1PC7811,tkd
DL1PC7812,tkd
DL1PC7813,tkd
DL1PC7814,tkd
DL1PC8036,tkd
DL1PC8037,tkd
DL1PC8055,tkd
DL1PC8058,tkd
DL1PC8064,tkd
DL1PC8066,tkd
DL1PC8067,tkd
DL1PC8068,tkd
DL1PC8069,tkd
DL1PC8070,tkd
DL1PC8071,tkd
DL1PC8072,tkd
DL1PC8073,tkd
DL1PC8074,tkd
DL1PC8075,tkd
DL1PC8076,tkd
DL1PC8077,tkd
DL1PC8087,tkd
DL1PC7103,vvd
DL1PC7704,vvd
DL1PC7728,vvd
DL1PC7729,vvd
DL1PC7816,vvd
DL1PC7820,vvd
DL1PC7825,vvd
DL1PC7850,vvd
DL1PC7851,vvd
DL1PC7852,vvd
DL1PC7853,vvd
DL1PC7854,vvd
DL1PC7859,vvd
DL1PC7862,vvd
DL1PC7863,vvd
DL1PC7866,vvd
DL1PC7869,vvd
DL1PC7870,vvd
DL1PC7871,vvd
DL1PC7872,vvd
DL1PC7903,vvd
DL1PC7904,vvd
DL1PC7905,vvd
DL1PC7906,vvd
DL1PC7907,vvd
DL1PC7908,vvd
DL1PC7909,vvd
DL1PC7910,vvd
DL1PC7911,vvd
DL1PC7912,vvd
DL1PC7921,vvd
DL1PC7924,vvd
DL1PC7934,vvd
DL1PC7937,vvd
DL1PC7938,vvd
DL1PC7942,vvd
DL1PC7943,vvd
DL1PC7978,vvd
DL1PC7980,vvd
DL1PC7981,vvd
DL1PC7982,vvd
DL1PC7983,vvd
DL1PC8008,vvd
DL1PC8009,vvd
DL1PC8192,vvd
DL1PC8194,vvd
DL1PC8553,vvd
DL1PC8556,vvd
DL1PC8560,vvd
DL1PC8562,vvd
DL1PC8563,vvd
DL1PC8565,vvd
DL1PC8566,vvd
DL1PC8567,vvd
DL1PC8568,vvd
DL1PC8569,vvd
DL1PC8570,vvd
DL1PC8571,vvd
DL1PC8572,vvd
DL1PC8573,vvd
DL1PC8575,vvd
DL1PC8576,vvd
DL1PC8577,vvd
DL1PC8578,vvd
DL1PC8579,vvd
DL1PC8580,vvd
DL1PC8581,vvd
DL1PC8582,vvd
DL1PC8583,vvd
DL1PC8586,vvd
DL1PC8587,vvd
DL1PC8588,vvd
DL1PC8589,vvd
DL1PC8590,vvd
DL1PC8591,vvd
DL1PC8593,vvd
DL1PC8594,vvd
DL1PC8597,vvd
DL1PC8599,vvd
DL1PC8601,vvd
DL1PC8602,vvd
DL1PC8603,vvd
DL1PC8604,vvd
DL1PC8605,vvd
DL1PC8606,vvd
DL1PC8609,vvd
DL1PC8621,vvd
DL1PC8941,vvd
DL1PC8942,vvd
DL1PC8943,vvd
DL1PC8944,vvd
DL1PC8945,vvd
DL1PC8946,vvd
DL1PC8947,vvd
DL1PC8948,vvd
DL1PC8949,vvd
DL1PC8950,vvd
DL1PC8951,vvd
DL1PC8952,vvd
DL1PC8953,vvd
DL1PC8954,vvd
DL1PC8955,vvd
DL1PC8956,vvd
DL1PC8957,vvd
DL1PC8958,vvd
DL1PC8960,vvd
DL1PC8961,vvd
DL1PC8962,vvd
DL1PC8963,vvd
DL1PC8964,vvd
DL1PC8965,vvd
DL1PC8966,vvd
DL1PC8967,vvd
DL1PC8968,vvd
DL1PC8969,vvd
DL1PC8970,vvd
DL1PC7450,wpd
DL1PC7466,wpd
DL1PC7471,wpd
DL1PC7485,wpd
DL1PC7486,wpd
DL1PC7488,wpd
DL1PC7615,wpd
DL1PC7621,wpd
DL1PC7623,wpd
DL1PC7624,wpd
DL1PC7625,wpd
DL1PC7631,wpd
DL1PC7632,wpd
DL1PC7633,wpd
DL1PC7636,wpd
DL1PC7637,wpd
DL1PC7638,wpd
DL1PC7639,wpd
DL1PC7640,wpd
DL1PC7642,wpd
DL1PC7643,wpd
DL1PC7644,wpd
DL1PC7645,wpd
DL1PC7647,wpd
DL1PC7648,wpd
DL1PC7660,wpd
DL1PC7664,wpd
DL1PC7666,wpd
DL1PC7668,wpd
DL1PC7669,wpd
DL1PC7671,wpd
DL1PC7673,wpd
DL1PC7674,wpd
DL1PC7677,wpd
DL1PC7678,wpd
DL1PC7680,wpd
DL1PC7686,wpd
DL1PC7687,wpd
DL1PC7689,wpd
DL1PC7690,wpd
DL1PC7691,wpd
DL1PC7692,wpd
DL1PC7699,wpd
DL1PC7701,wpd
DL1PC7702,wpd
DL1PC7731,wpd
DL1PC7732,wpd
DL1PC7733,wpd
DL1PC7735,wpd
DL1PC7778,wpd
DL1PC7779,wpd
DL1PC7780,wpd
DL1PC7846,wpd
DL1PC7857,wpd
DL1PC7891,wpd
DL1PC7892,wpd
DL1PC7893,wpd
DL1PC7894,wpd
DL1PC7895,wpd
DL1PC7896,wpd
DL1PC7897,wpd
DL1PC8007,wpd
DL1PC8088,wpd
DL1PC8089,wpd
DL1PC8090,wpd
DL1PC9014,wpd
DL1PC9015,wpd
DL1PC9016,wpd
DL1PC9017,wpd
DL1PC9018,wpd
DL1PC9019,wpd
DL1PC9020,wpd
DL1PC9021,wpd
DL1PC9022,wpd
DL1PC9023,wpd
DL1PC9024,wpd
DL1PC9025,wpd
DL1PC9026,wpd
DL1PC9027,wpd
DL1PC9028,wpd
DL1PC9029,wpd
DL1PC9030,wpd
DL1PC9031,wpd
DL1PC9032,wpd
DL1PC9033,wpd
DL1PC9059,wpd
DL1PC9060,wpd
DL1PC9061,wpd
DL1PC9062,wpd
DL1PC9063,wpd
DL51GD1496,rhd-37
DL51GD2294,rhd-37
DL51GD2604,rhd-37
DL51GD2610,rhd-37
DL51GD2549,rhd-37
DL51GD2611,rhd-37
DL51GD2221,rhd-37
DL51GD2521,rhd-37
DL51GD2613,rhd-37
DL51GD2210,rhd-37
DL51GD2223,rhd-37
DL51GD2526,rhd-37
DL51GD2616,rhd-37
DL51GD2248,rhd-37
DL51GD2550,rhd-37
DL51GD2689,rhd-37
DL51GD2226,rhd-37
DL51GD2527,rhd-37
DL51GD2623,rhd-37
DL51GD2259,rhd-37
DL51GD2504,rhd-37
DL51GD2690,rhd-37
DL51GD2228,rhd-37
DL51GD2244,rhd-37
DL51GD2530,rhd-37
DL51GD2631,rhd-37
DL51GD2255,rhd-37
DL51GD2551,rhd-37
DL51GD2229,rhd-37
DL51GD2533,rhd-37
DL51GD2635,rhd-37
DL51GD2692,rhd-37
DL51GD2260,rhd-37
DL51GD2554,rhd-37
DL51GD2234,rhd-37
DL51GD2534,rhd-37
DL51GD2638,rhd-37
DL51GD2694,rhd-37
DL51GD2202,rhd-37
DL51GD2263,rhd-37
DL51GD2562,rhd-37
DL51GD2238,rhd-37
DL51GD2536,rhd-37
DL51GD2280,rhd-37
DL51GD2566,rhd-37
DL51GD2641,rhd-37
DL51GD2691,rhd-37
DL51GD2239,rhd-37
DL51GD2537,rhd-37
DL51GD2297,rhd-37
DL51GD2568,rhd-37
DL51GD2642,rhd-37
DL51GD2243,rhd-37
DL51GD2544,rhd-37
DL51GD2298,rhd-37
DL51GD2507,rhd-37
DL51GD2569,rhd-37
DL51GD2546,rhd-37
DL51GD2647,rhd-37
DL51GD2643,rhd-37
DL51GD2110,rhd-37
DL51GD2576,rhd-37
DL51GD2245,rhd-37
DL51GD2547,rhd-37
DL51GD2123,rhd-37
DL51GD2578,rhd-37
DL51GD2653,rhd-37
DL51GD2249,rhd-37
DL51GD2548,rhd-37
DL51GD2134,rhd-37
DL51GD2583,rhd-37
DL51GD2662,rhd-37
DL51GD2250,rhd-37
DL51GD2148,rhd-37
DL51GD2584,rhd-37
DL51GD2252,rhd-37
DL51GD2179,rhd-37
DL51GD2589,rhd-37
DL51GD2254,rhd-37
DL51GD2197,rhd-37
DL51GD2518,rhd-37
DL51GD2599,rhd-37
DL51GD2257,rhd-37
DL51GD2203,rhd-37
DL51GD2261,rhd-37
DL51GD2205,rhd-37
DL51GD2268,rhd-37
DL51GD2207,rhd-37
DL51GD2276,rhd-37
DL51GD2211,rhd-37
DL51GD2277,rhd-37
DL51GD2215,rhd-37
DL51GD2279,rhd-37
DL51GD2216,rhd-37
DL51GD2520,rhd-37
DL51GD2283,rhd-37
DL51GD2217,rhd-37
DL51GD2287,rhd-37
DL51GD2219,rhd-37
DL51GD2293,rhd-37
DL51GD1777,mkd
DL51GD2016,mkd
DL51GD2029,mkd
DL51GD2038,mkd
DL51GD2068,mkd
DL51GD2214,mkd
DL51GD2218,mkd
DL51GD2224,mkd
DL51GD2230,mkd
DL51GD2235,mkd
DL51GD2240,mkd
DL51GD2241,mkd
DL51GD2246,mkd
DL51GD2253,mkd
DL51GD2256,mkd
DL51GD2258,mkd
DL51GD2278,mkd
DL51GD2282,mkd
DL51GD2284,mkd
DL51GD2285,mkd
DL51GD2289,mkd
DL51GD2299,mkd
DL51GD2303,mkd
DL51GD2310,mkd
DL51GD2313,mkd
DL51GD2315,mkd
DL51GD2316,mkd
DL51GD2321,mkd
DL51GD2323,mkd
DL51GD2327,mkd
DL51GD2332,mkd
DL51GD2337,mkd
DL51GD2342,mkd
DL51GD2345,mkd
DL51GD2358,mkd
DL51GD2363,mkd
DL51GD2365,mkd
DL51GD2373,mkd
DL51GD2376,mkd
DL51GD2383,mkd
DL51GD2385,mkd
DL51GD2389,mkd
DL51GD2395,mkd
DL51GD2730,mkd
DL51GD2731,mkd
DL51GD2737,mkd
DL51GD2757,mkd
DL51GD2764,mkd
DL51GD2767,mkd
DL51GD2781,mkd
DL51GD2789,mkd
DL51GD2790,mkd
DL51GD2793,mkd
DL51GD2825,mkd
DL51GD2851,mkd
DL51GD2857,mkd
DL51GD2860,mkd
DL51GD2862,mkd
DL51GD2865,mkd
DL51GD2876,mkd
DL51GD2890,mkd
DL51GD2905,mkd
DL51GD2906,mkd
DL51GD2908,mkd
DL51GD2910,mkd
DL51GD2914,mkd
DL51GD2915,mkd
DL51GD2916,mkd
DL51GD2917,mkd
DL51GD2920,mkd
DL51GD2931,mkd
DL51GD2933,mkd
DL51GD2937,mkd
DL51GD2938,mkd
DL51GD2942,mkd
DL51GD2944,mkd
DL51GD2951,mkd
DL51GD2952,mkd
DL51GD2959,mkd
DL51GD2964,mkd
DL51GD2966,mkd
DL51GD2969,mkd
DL51GD2971,mkd
DL51GD2975,mkd
DL51GD2978,mkd
DL51GD2979,mkd
DL51GD2984,mkd
DL51GD2987,mkd
DL51GD2991,mkd
DL51GD2994,mkd
DL51GD2999,mkd
DL51GD3065,mkd
DL51GD3103,mkd
DL51GD3105,mkd
DL51GD3106,mkd
DL51GD3114,mkd
DL51GD3115,mkd
DL51GD3122,mkd
DL51GD3134,mkd
DL51GD3136,mkd
DL51GD3142,mkd
DL51GD3146,mkd
DL51GD3164,mkd
DL51GD3167,mkd
DL51GD3170,mkd
DL51GD3178,mkd
DL51GD3182,mkd
DL51GD3188,mkd
DL51GD3111,rajghat-2
DL51GD3130,rajghat-2
DL51GD3132,rajghat-2
DL51GD3143,rajghat-2
DL51GD3148,rajghat-2
DL51GD3155,rajghat-2
DL51GD3162,rajghat-2
DL51GD3174,rajghat-2
DL51GD3175,rajghat-2
DL51GD3186,rajghat-2
DL51GD3206,rajghat-2
DL51GD3208,rajghat-2
DL51GD3219,rajghat-2
DL51GD3220,rajghat-2
DL51GD3221,rajghat-2
DL51GD3226,rajghat-2
DL51GD3231,rajghat-2
DL51GD3237,rajghat-2
DL51GD3238,rajghat-2
DL51GD3241,rajghat-2
DL51GD3246,rajghat-2
DL51GD3254,rajghat-2
DL51GD3259,rajghat-2
DL51GD3260,rajghat-2
DL51GD3283,rajghat-2
DL51GD3294,rajghat-2
DL51GD3295,rajghat-2
DL51GD3298,rajghat-2
DL51GD3300,rajghat-2
DL51GD3303,rajghat-2
DL51GD3308,rajghat-2
DL51GD3318,rajghat-2
DL51GD3329,rajghat-2
DL51GD3345,rajghat-2
DL51GD3347,rajghat-2
DL51GD3348,rajghat-2
DL51GD3349,rajghat-2
DL51GD3352,rajghat-2
DL51GD3365,rajghat-2
DL51GD3369,rajghat-2
DL51GD3372,rajghat-2
DL51GD3378,rajghat-2
DL51GD3387,rajghat-2
DL51GD3390,rajghat-2
DL51GD3396,rajghat-2
DL51GD3397,rajghat-2
DL51GD3400,rajghat-2
DL51GD3421,rajghat-2
DL51GD3466,rajghat-2
DL51GD3500,rajghat-2
